Date,TotalRentals,RevenueLKR,AvgDailyPrice,AvgRentalDays,ForeignerShare,IsSeason,IsWeekend,DemandHigh,DemandLabel,Year,Month
2023-01-01,7,38500.0,3142.8571428571427,2.0,0.0,1,1,1,High,2023,1
2023-01-02,7,52800.0,3142.8571428571427,2.857142857142857,0.0,1,0,1,High,2023,1
2023-01-03,5,77550.0,5170.0,3.0,0.0,1,0,1,High,2023,1
2023-01-04,9,108350.0,4461.111111111111,2.6666666666666665,0.0,1,0,1,High,2023,1
2023-01-05,5,53350.0,4400.0,2.4,0.0,1,0,1,High,2023,1
2023-01-06,4,31900.0,3575.0,2.5,0.0,1,0,0,Low,2023,1
2023-01-07,7,55550.0,3614.285714285714,2.2857142857142856,0.0,1,1,1,High,2023,1
2023-01-08,6,48950.0,3666.6666666666665,2.1666666666666665,0.0,1,1,1,High,2023,1
2023-01-09,4,19800.0,2062.5,2.25,0.0,1,0,0,Low,2023,1
2023-01-10,4,29150.0,3575.0,2.25,0.0,1,0,0,Low,2023,1
2023-01-11,7,65450.0,3142.8571428571427,2.7142857142857144,0.0,1,0,1,High,2023,1
2023-01-12,9,78650.0,3666.6666666666665,2.4444444444444446,0.0,1,0,1,High,2023,1
2023-01-13,7,34100.0,2985.714285714286,1.8571428571428572,0.0,1,0,1,High,2023,1
2023-01-14,5,56650.0,4620.0,2.4,0.0,1,1,1,High,2023,1
2023-01-15,8,66000.0,3368.75,2.375,0.0,1,1,1,High,2023,1
2023-01-16,5,39600.0,2860.0,2.6,0.0,1,0,1,High,2023,1
2023-01-17,6,38500.0,4125.0,1.5,0.0,1,0,1,High,2023,1
2023-01-18,7,55000.0,3378.5714285714284,2.2857142857142856,0.0,1,0,1,High,2023,1
2023-01-19,8,50050.0,3162.5,2.125,0.0,1,0,1,High,2023,1
2023-01-20,3,26400.0,3116.6666666666665,2.6666666666666665,0.0,1,0,0,Low,2023,1
2023-01-21,9,91850.0,3972.222222222222,2.6666666666666665,0.0,1,1,1,High,2023,1
2023-01-22,4,36850.0,3850.0,2.25,0.0,1,1,0,Low,2023,1
2023-01-23,7,111100.0,4635.714285714285,3.2857142857142856,0.0,1,0,1,High,2023,1
2023-01-24,1,18150.0,6050.0,3.0,0.0,1,0,0,Low,2023,1
2023-01-25,6,47850.0,2475.0,3.3333333333333335,0.0,1,0,1,High,2023,1
2023-01-26,9,82500.0,3177.777777777778,2.888888888888889,0.0,1,0,1,High,2023,1
2023-01-27,4,23100.0,2475.0,2.5,0.0,1,0,0,Low,2023,1
2023-01-28,7,86350.0,3535.714285714286,3.2857142857142856,0.0,1,1,1,High,2023,1
2023-01-29,2,9900.0,1650.0,3.0,0.0,1,1,0,Low,2023,1
2023-01-30,3,37400.0,5133.333333333333,2.6666666666666665,0.0,1,0,0,Low,2023,1
2023-01-31,5,63250.0,4620.0,2.8,0.0,1,0,1,High,2023,1
2023-02-01,6,33000.0,3666.6666666666665,1.5,0.0,1,0,1,High,2023,2
2023-02-02,4,24200.0,3162.5,2.5,0.0,1,0,0,Low,2023,2
2023-02-03,4,11550.0,2062.5,1.5,0.0,1,0,0,Low,2023,2
2023-02-04,2,15400.0,3850.0,2.0,0.0,1,1,0,Low,2023,2
2023-02-05,4,16500.0,1650.0,2.5,0.0,1,1,0,Low,2023,2
2023-02-06,6,61050.0,5133.333333333333,1.8333333333333333,0.0,1,0,1,High,2023,2
2023-02-07,3,48950.0,4583.333333333333,3.6666666666666665,0.0,1,0,0,Low,2023,2
2023-02-08,8,101200.0,4468.75,2.875,0.0,1,0,1,High,2023,2
2023-02-09,5,57200.0,3740.0,2.6,0.0,1,0,1,High,2023,2
2023-02-10,7,44550.0,3378.5714285714284,2.0,0.0,1,0,1,High,2023,2
2023-02-11,3,23100.0,2750.0,2.6666666666666665,0.0,1,1,0,Low,2023,2
2023-02-12,7,77000.0,3614.285714285714,2.7142857142857144,0.0,1,1,1,High,2023,2
2023-02-13,6,29700.0,2200.0,2.1666666666666665,0.0,1,0,1,High,2023,2
2023-02-14,6,55550.0,2658.3333333333335,3.3333333333333335,0.0,1,0,1,High,2023,2
2023-02-15,3,27500.0,5133.333333333333,1.6666666666666667,0.0,1,0,0,Low,2023,2
2023-02-16,8,48950.0,2956.25,2.25,0.0,1,0,1,High,2023,2
2023-02-17,8,84700.0,4606.25,2.25,0.0,1,0,1,High,2023,2
2023-02-18,6,38500.0,3208.3333333333335,2.1666666666666665,0.0,1,1,1,High,2023,2
2023-02-19,2,21450.0,4675.0,2.0,0.0,1,1,0,Low,2023,2
2023-02-20,4,39600.0,3300.0,3.0,0.0,1,0,0,Low,2023,2
2023-02-21,7,45650.0,3142.8571428571427,2.2857142857142856,0.0,1,0,1,High,2023,2
2023-02-22,5,45100.0,3410.0,2.8,0.0,1,0,1,High,2023,2
2023-02-23,6,53900.0,4125.0,2.1666666666666665,0.0,1,0,1,High,2023,2
2023-02-24,5,34100.0,3190.0,2.4,0.0,1,0,1,High,2023,2
2023-02-25,9,83050.0,3972.222222222222,2.6666666666666665,0.0,1,1,1,High,2023,2
2023-02-26,7,69300.0,5028.571428571428,2.0,0.0,1,1,1,High,2023,2
2023-02-27,3,26400.0,3116.6666666666665,2.6666666666666665,0.0,1,0,0,Low,2023,2
2023-02-28,8,70950.0,3918.75,2.375,0.0,1,0,1,High,2023,2
2023-03-01,7,48400.0,3142.8571428571427,2.142857142857143,0.0,1,0,1,High,2023,3
2023-03-02,4,16500.0,1650.0,2.5,0.0,1,0,0,Low,2023,3
2023-03-03,2,16500.0,3300.0,2.5,0.0,1,0,0,Low,2023,3
2023-03-04,6,63250.0,3666.6666666666665,3.1666666666666665,0.0,1,1,1,High,2023,3
2023-03-05,10,62700.0,2860.0,2.5,0.0,1,1,1,High,2023,3
2023-03-06,5,66000.0,4620.0,2.8,0.0,1,0,1,High,2023,3
2023-03-07,7,71500.0,4635.714285714285,2.2857142857142856,0.0,1,0,1,High,2023,3
2023-03-08,3,17050.0,3666.6666666666665,1.3333333333333333,0.0,1,0,0,Low,2023,3
2023-03-09,6,45650.0,3116.6666666666665,2.8333333333333335,0.0,1,0,1,High,2023,3
2023-03-10,4,25850.0,3162.5,2.5,0.0,1,0,0,Low,2023,3
2023-03-11,8,24750.0,1856.25,1.625,0.0,1,1,1,High,2023,3
2023-03-12,4,14850.0,2887.5,1.5,0.0,1,1,0,Low,2023,3
2023-03-13,6,46200.0,3391.6666666666665,1.8333333333333333,0.0,1,0,1,High,2023,3
2023-03-14,4,26400.0,2887.5,2.25,0.0,1,0,0,Low,2023,3
2023-03-15,5,37950.0,2640.0,3.0,0.0,1,0,1,High,2023,3
2023-03-16,1,4950.0,1650.0,3.0,0.0,1,0,0,Low,2023,3
2023-03-17,9,80850.0,3666.6666666666665,2.2222222222222223,0.0,1,0,1,High,2023,3
2023-03-18,5,66000.0,4070.0,3.4,0.0,1,1,1,High,2023,3
2023-03-19,2,13200.0,1650.0,4.0,0.0,1,1,0,Low,2023,3
2023-03-20,7,67100.0,3771.4285714285716,2.5714285714285716,0.0,1,0,1,High,2023,3
2023-03-21,7,44000.0,2985.714285714286,2.142857142857143,0.0,1,0,1,High,2023,3
2023-03-22,3,11550.0,2200.0,2.0,0.0,1,0,0,Low,2023,3
2023-03-23,3,26950.0,3666.6666666666665,2.6666666666666665,0.0,1,0,0,Low,2023,3
2023-03-24,9,92400.0,4644.444444444444,2.2222222222222223,0.0,1,0,1,High,2023,3
2023-03-25,10,45100.0,2585.0,1.8,0.0,1,1,1,High,2023,3
2023-03-26,6,51150.0,4125.0,2.3333333333333335,0.0,1,1,1,High,2023,3
2023-03-27,2,19800.0,3300.0,3.0,0.0,1,0,0,Low,2023,3
2023-03-28,9,100100.0,4277.777777777777,2.5555555555555554,0.0,1,0,1,High,2023,3
2023-03-29,4,34100.0,3162.5,2.25,0.0,1,0,0,Low,2023,3
2023-03-30,9,102850.0,4155.555555555556,2.5555555555555554,0.0,1,0,1,High,2023,3
2023-03-31,3,29700.0,3116.6666666666665,3.3333333333333335,0.0,1,0,0,Low,2023,3
2023-04-01,6,14850.0,1800.0,1.3333333333333333,0.0,0,1,1,High,2023,4
2023-04-02,4,12150.0,2362.5,1.25,0.0,0,1,0,Low,2023,4
2023-04-03,3,13950.0,2550.0,1.6666666666666667,0.0,0,0,0,Low,2023,4
2023-04-04,2,19800.0,4950.0,2.0,0.0,0,0,0,Low,2023,4
2023-04-05,1,2700.0,1350.0,2.0,0.0,0,0,0,Low,2023,4
2023-04-06,1,1350.0,1350.0,1.0,0.0,0,0,0,Low,2023,4
2023-04-07,3,10350.0,2550.0,1.6666666666666667,0.0,0,0,0,Low,2023,4
2023-04-08,4,25200.0,3825.0,1.5,0.0,0,1,0,Low,2023,4
2023-04-09,2,8100.0,2025.0,2.0,0.0,0,1,0,Low,2023,4
2023-04-10,1,4950.0,4950.0,1.0,0.0,0,0,0,Low,2023,4
2023-04-11,1,2700.0,1350.0,2.0,0.0,0,0,0,Low,2023,4
2023-04-12,1,5400.0,2700.0,2.0,0.0,0,0,0,Low,2023,4
2023-04-13,4,23400.0,3262.5,1.75,0.0,0,0,0,Low,2023,4
2023-04-15,3,13050.0,3000.0,1.6666666666666667,0.0,0,1,0,Low,2023,4
2023-04-16,5,30150.0,3510.0,1.8,0.0,0,1,1,High,2023,4
2023-04-17,2,11250.0,3150.0,1.5,0.0,0,0,0,Low,2023,4
2023-04-18,1,2700.0,1350.0,2.0,0.0,0,0,0,Low,2023,4
2023-04-19,3,6750.0,1800.0,1.3333333333333333,0.0,0,0,0,Low,2023,4
2023-04-20,4,15300.0,2587.5,1.25,0.0,0,0,0,Low,2023,4
2023-04-21,2,5400.0,2025.0,1.5,0.0,0,0,0,Low,2023,4
2023-04-22,5,21600.0,3060.0,1.4,0.0,0,1,1,High,2023,4
2023-04-23,6,18450.0,1950.0,1.8333333333333333,0.0,0,1,1,High,2023,4
2023-04-24,4,20700.0,2587.5,2.0,0.0,0,0,0,Low,2023,4
2023-04-25,2,6750.0,2025.0,1.5,0.0,0,0,0,Low,2023,4
2023-04-26,5,21600.0,2790.0,1.6,0.0,0,0,1,High,2023,4
2023-04-27,3,13950.0,3000.0,1.3333333333333333,0.0,0,0,0,Low,2023,4
2023-04-28,2,9900.0,4950.0,1.0,0.0,0,0,0,Low,2023,4
2023-04-29,2,8100.0,2025.0,2.0,0.0,0,1,0,Low,2023,4
2023-04-30,5,20700.0,2070.0,2.0,0.0,0,1,1,High,2023,4
2023-05-01,1,1350.0,1350.0,1.0,0.0,0,0,0,Low,2023,5
2023-05-02,4,22500.0,3150.0,1.5,0.0,0,0,0,Low,2023,5
2023-05-03,3,8100.0,1350.0,2.0,0.0,0,0,0,Low,2023,5
2023-05-05,3,6750.0,1350.0,1.6666666666666667,0.0,0,0,0,Low,2023,5
2023-05-06,8,31050.0,2418.75,1.625,0.0,0,1,1,High,2023,5
2023-05-07,6,22950.0,3150.0,1.5,0.0,0,1,1,High,2023,5
2023-05-08,2,10350.0,3825.0,1.5,0.0,0,0,0,Low,2023,5
2023-05-09,3,7650.0,2550.0,1.0,0.0,0,0,0,Low,2023,5
2023-05-10,3,5400.0,1350.0,1.3333333333333333,0.0,0,0,0,Low,2023,5
2023-05-11,4,21600.0,3487.5,1.5,0.0,0,0,0,Low,2023,5
2023-05-12,5,23400.0,3330.0,1.6,0.0,0,0,1,High,2023,5
2023-05-13,5,15300.0,2070.0,1.2,0.0,0,1,1,High,2023,5
2023-05-14,1,2700.0,2700.0,1.0,0.0,0,1,0,Low,2023,5
2023-05-15,3,18000.0,3000.0,2.0,0.0,0,0,0,Low,2023,5
2023-05-16,3,9000.0,2550.0,1.3333333333333333,0.0,0,0,0,Low,2023,5
2023-05-17,2,5400.0,1350.0,2.0,0.0,0,0,0,Low,2023,5
2023-05-18,5,16650.0,3060.0,1.2,0.0,0,0,1,High,2023,5
2023-05-19,2,11250.0,3150.0,1.5,0.0,0,0,0,Low,2023,5
2023-05-20,5,16650.0,2070.0,1.4,0.0,0,1,1,High,2023,5
2023-05-21,4,18900.0,3150.0,1.5,0.0,0,1,0,Low,2023,5
2023-05-22,3,10800.0,1800.0,2.0,0.0,0,0,0,Low,2023,5
2023-05-23,3,10350.0,3000.0,1.3333333333333333,0.0,0,0,0,Low,2023,5
2023-05-24,1,9900.0,4950.0,2.0,0.0,0,0,0,Low,2023,5
2023-05-25,1,2700.0,1350.0,2.0,0.0,0,0,0,Low,2023,5
2023-05-26,1,9900.0,4950.0,2.0,0.0,0,0,0,Low,2023,5
2023-05-27,7,21150.0,2250.0,1.4285714285714286,0.0,0,1,1,High,2023,5
2023-05-28,1,2700.0,1350.0,2.0,0.0,0,1,0,Low,2023,5
2023-05-29,1,9900.0,4950.0,2.0,0.0,0,0,0,Low,2023,5
2023-05-30,9,37800.0,2450.0,1.7777777777777777,0.0,0,0,1,High,2023,5
2023-05-31,3,10350.0,2550.0,1.6666666666666667,0.0,0,0,0,Low,2023,5
2023-06-01,2,2700.0,1350.0,1.0,0.0,0,0,0,Low,2023,6
2023-06-02,1,2700.0,1350.0,2.0,0.0,0,0,0,Low,2023,6
2023-06-03,2,8100.0,2700.0,1.5,0.0,0,1,0,Low,2023,6
2023-06-04,1,1350.0,1350.0,1.0,0.0,0,1,0,Low,2023,6
2023-06-05,2,7650.0,3150.0,1.5,0.0,0,0,0,Low,2023,6
2023-06-07,2,6300.0,3150.0,1.0,0.0,0,0,0,Low,2023,6
2023-06-08,1,4950.0,4950.0,1.0,0.0,0,0,0,Low,2023,6
2023-06-09,3,10350.0,2550.0,1.6666666666666667,0.0,0,0,0,Low,2023,6
2023-06-10,5,15300.0,2790.0,1.2,0.0,0,1,1,High,2023,6
2023-06-11,4,13050.0,2587.5,1.5,0.0,0,1,0,Low,2023,6
2023-06-12,8,45000.0,3600.0,1.5,0.0,0,0,1,High,2023,6
2023-06-13,1,4950.0,4950.0,1.0,0.0,0,0,0,Low,2023,6
2023-06-14,1,2700.0,1350.0,2.0,0.0,0,0,0,Low,2023,6
2023-06-15,1,2700.0,1350.0,2.0,0.0,0,0,0,Low,2023,6
2023-06-16,4,13500.0,2025.0,1.75,0.0,0,0,0,Low,2023,6
2023-06-17,3,6750.0,1350.0,1.6666666666666667,0.0,0,1,0,Low,2023,6
2023-06-18,2,8100.0,2025.0,2.0,0.0,0,1,0,Low,2023,6
2023-06-19,3,13950.0,2550.0,1.6666666666666667,0.0,0,0,0,Low,2023,6
2023-06-20,1,2700.0,1350.0,2.0,0.0,0,0,0,Low,2023,6
2023-06-21,4,10800.0,2362.5,1.25,0.0,0,0,0,Low,2023,6
2023-06-22,4,25200.0,3150.0,2.0,0.0,0,0,0,Low,2023,6
2023-06-23,3,13950.0,2550.0,1.6666666666666667,0.0,0,0,0,Low,2023,6
2023-06-24,3,6750.0,1800.0,1.3333333333333333,0.0,0,1,0,Low,2023,6
2023-06-25,2,5400.0,1350.0,2.0,0.0,0,1,0,Low,2023,6
2023-06-26,1,2700.0,2700.0,1.0,0.0,0,0,0,Low,2023,6
2023-06-27,2,6750.0,2025.0,1.5,0.0,0,0,0,Low,2023,6
2023-06-28,2,7650.0,3150.0,1.5,0.0,0,0,0,Low,2023,6
2023-06-29,1,1350.0,1350.0,1.0,0.0,0,0,0,Low,2023,6
2023-06-30,2,5400.0,2025.0,1.5,0.0,0,0,0,Low,2023,6
2023-07-01,4,15300.0,2250.0,1.5,0.0,0,1,0,Low,2023,7
2023-07-02,1,5400.0,2700.0,2.0,0.0,0,1,0,Low,2023,7
2023-07-04,4,26550.0,3487.5,1.75,0.0,0,0,0,Low,2023,7
2023-07-05,1,2700.0,1350.0,2.0,0.0,0,0,0,Low,2023,7
2023-07-06,5,25650.0,3330.0,1.6,0.0,0,0,1,High,2023,7
2023-07-07,4,20250.0,3487.5,1.5,0.0,0,0,0,Low,2023,7
2023-07-08,3,17550.0,3750.0,1.6666666666666667,0.0,0,1,0,Low,2023,7
2023-07-09,4,8100.0,1350.0,1.5,0.0,0,1,0,Low,2023,7
2023-07-10,1,1350.0,1350.0,1.0,0.0,0,0,0,Low,2023,7
2023-07-11,3,10800.0,2250.0,1.6666666666666667,0.0,0,0,0,Low,2023,7
2023-07-12,2,4050.0,1350.0,1.5,0.0,0,0,0,Low,2023,7
2023-07-13,3,13050.0,3000.0,1.6666666666666667,0.0,0,0,0,Low,2023,7
2023-07-14,3,16650.0,3000.0,1.6666666666666667,0.0,0,0,0,Low,2023,7
2023-07-15,2,7650.0,3825.0,1.0,0.0,0,1,0,Low,2023,7
2023-07-16,2,11250.0,3150.0,1.5,0.0,0,1,0,Low,2023,7
2023-07-17,5,23850.0,3780.0,1.2,0.0,0,0,1,High,2023,7
2023-07-18,3,5400.0,1350.0,1.3333333333333333,0.0,0,0,0,Low,2023,7
2023-07-19,1,2700.0,1350.0,2.0,0.0,0,0,0,Low,2023,7
2023-07-20,4,22500.0,3150.0,1.5,0.0,0,0,0,Low,2023,7
2023-07-21,2,5400.0,1350.0,2.0,0.0,0,0,0,Low,2023,7
2023-07-22,5,22950.0,3060.0,1.6,0.0,0,1,1,High,2023,7
2023-07-23,2,5400.0,1350.0,2.0,0.0,0,1,0,Low,2023,7
2023-07-24,3,12600.0,2550.0,1.3333333333333333,0.0,0,0,0,Low,2023,7
2023-07-25,1,9900.0,4950.0,2.0,0.0,0,0,0,Low,2023,7
2023-07-26,1,5400.0,2700.0,2.0,0.0,0,0,0,Low,2023,7
2023-07-27,4,9450.0,1687.5,1.5,0.0,0,0,0,Low,2023,7
2023-07-28,1,4950.0,4950.0,1.0,0.0,0,0,0,Low,2023,7
2023-07-29,5,10800.0,1620.0,1.4,0.0,0,1,1,High,2023,7
2023-07-30,9,25200.0,2200.0,1.3333333333333333,0.0,0,1,1,High,2023,7
2023-07-31,3,16650.0,3000.0,1.6666666666666667,0.0,0,0,0,Low,2023,7
2023-08-01,1,2700.0,2700.0,1.0,0.0,0,0,0,Low,2023,8
2023-08-02,2,7650.0,3150.0,1.5,0.0,0,0,0,Low,2023,8
2023-08-03,2,6300.0,3150.0,1.0,0.0,0,0,0,Low,2023,8
2023-08-04,4,11700.0,2250.0,1.5,0.0,0,0,0,Low,2023,8
2023-08-05,10,41850.0,2430.0,1.5,0.0,0,1,1,High,2023,8
2023-08-06,1,9900.0,4950.0,2.0,0.0,0,1,0,Low,2023,8
2023-08-07,1,4950.0,4950.0,1.0,0.0,0,0,0,Low,2023,8
2023-08-09,8,26100.0,1968.75,1.625,0.0,0,0,1,High,2023,8
2023-08-10,4,16650.0,2250.0,1.75,0.0,0,0,0,Low,2023,8
2023-08-11,4,19350.0,2587.5,1.75,0.0,0,0,0,Low,2023,8
2023-08-12,4,10800.0,2025.0,1.25,0.0,0,1,0,Low,2023,8
2023-08-13,2,5400.0,2700.0,1.0,0.0,0,1,0,Low,2023,8
2023-08-14,3,19800.0,4950.0,1.3333333333333333,0.0,0,0,0,Low,2023,8
2023-08-16,1,2700.0,1350.0,2.0,0.0,0,0,0,Low,2023,8
2023-08-17,1,4950.0,4950.0,1.0,0.0,0,0,0,Low,2023,8
2023-08-18,1,1350.0,1350.0,1.0,0.0,0,0,0,Low,2023,8
2023-08-19,4,15300.0,2250.0,1.5,0.0,0,1,0,Low,2023,8
2023-08-20,3,13950.0,3000.0,1.3333333333333333,0.0,0,1,0,Low,2023,8
2023-08-21,1,5400.0,2700.0,2.0,0.0,0,0,0,Low,2023,8
2023-08-22,3,12600.0,2550.0,1.3333333333333333,0.0,0,0,0,Low,2023,8
2023-08-23,1,1350.0,1350.0,1.0,0.0,0,0,0,Low,2023,8
2023-08-24,3,13500.0,2250.0,2.0,0.0,0,0,0,Low,2023,8
2023-08-26,5,10800.0,1350.0,1.6,0.0,0,1,1,High,2023,8
2023-08-27,4,13050.0,2925.0,1.25,0.0,0,1,0,Low,2023,8
2023-08-28,2,4050.0,1350.0,1.5,0.0,0,0,0,Low,2023,8
2023-08-29,2,19800.0,4950.0,2.0,0.0,0,0,0,Low,2023,8
2023-08-30,2,6750.0,2025.0,1.5,0.0,0,0,0,Low,2023,8
2023-08-31,1,1350.0,1350.0,1.0,0.0,0,0,0,Low,2023,8
2023-09-01,2,8100.0,2700.0,1.5,0.0,0,0,0,Low,2023,9
2023-09-02,2,12600.0,3825.0,1.5,0.0,0,1,0,Low,2023,9
2023-09-03,4,18000.0,2587.5,1.5,0.0,0,1,0,Low,2023,9
2023-09-04,3,10800.0,2250.0,1.6666666666666667,0.0,0,0,0,Low,2023,9
2023-09-05,3,25200.0,4200.0,2.0,0.0,0,0,0,Low,2023,9
2023-09-06,4,27450.0,4050.0,1.75,0.0,0,0,0,Low,2023,9
2023-09-07,3,9000.0,2550.0,1.3333333333333333,0.0,0,0,0,Low,2023,9
2023-09-08,3,15300.0,3000.0,1.6666666666666667,0.0,0,0,0,Low,2023,9
2023-09-09,1,4950.0,4950.0,1.0,0.0,0,1,0,Low,2023,9
2023-09-10,3,22500.0,3750.0,2.0,0.0,0,1,0,Low,2023,9
2023-09-11,4,20250.0,3150.0,1.75,0.0,0,0,0,Low,2023,9
2023-09-12,2,4050.0,1350.0,1.5,0.0,0,0,0,Low,2023,9
2023-09-13,2,11250.0,3150.0,1.5,0.0,0,0,0,Low,2023,9
2023-09-14,4,13050.0,2587.5,1.25,0.0,0,0,0,Low,2023,9
2023-09-15,5,29250.0,3060.0,1.8,0.0,0,0,1,High,2023,9
2023-09-16,5,15750.0,2610.0,1.4,0.0,0,1,1,High,2023,9
2023-09-17,2,12600.0,3150.0,2.0,0.0,0,1,0,Low,2023,9
2023-09-18,7,23400.0,2957.1428571428573,1.1428571428571428,0.0,0,0,1,High,2023,9
2023-09-19,1,5400.0,2700.0,2.0,0.0,0,0,0,Low,2023,9
2023-09-20,2,15300.0,3825.0,2.0,0.0,0,0,0,Low,2023,9
2023-09-21,5,20700.0,2340.0,1.6,0.0,0,0,1,High,2023,9
2023-09-22,5,18000.0,2340.0,1.4,0.0,0,0,1,High,2023,9
2023-09-23,4,9450.0,1687.5,1.5,0.0,0,1,0,Low,2023,9
2023-09-24,3,12600.0,3750.0,1.3333333333333333,0.0,0,1,0,Low,2023,9
2023-09-25,3,9450.0,1800.0,1.6666666666666667,0.0,0,0,0,Low,2023,9
2023-09-26,4,16650.0,2250.0,1.75,0.0,0,0,0,Low,2023,9
2023-09-27,3,15300.0,2550.0,2.0,0.0,0,0,0,Low,2023,9
2023-09-28,4,9450.0,1687.5,1.5,0.0,0,0,0,Low,2023,9
2023-09-29,7,31950.0,2378.5714285714284,1.8571428571428572,0.0,0,0,1,High,2023,9
2023-09-30,1,2700.0,1350.0,2.0,0.0,0,1,0,Low,2023,9
2023-10-01,3,18150.0,2200.0,2.3333333333333335,0.0,1,1,0,Low,2023,10
2023-10-02,5,40150.0,3740.0,1.8,0.0,1,0,1,High,2023,10
2023-10-03,5,53900.0,3410.0,2.8,0.0,1,0,1,High,2023,10
2023-10-04,3,28050.0,2750.0,3.3333333333333335,0.0,1,0,0,Low,2023,10
2023-10-05,4,19800.0,2475.0,2.25,0.0,1,0,0,Low,2023,10
2023-10-06,4,57200.0,3987.5,3.5,0.0,1,0,0,Low,2023,10
2023-10-07,7,55550.0,2985.714285714286,2.857142857142857,0.0,1,1,1,High,2023,10
2023-10-08,7,69850.0,4007.1428571428573,2.4285714285714284,0.0,1,1,1,High,2023,10
2023-10-10,16,174350.0,4743.75,2.1875,0.0,1,0,1,High,2023,10
2023-10-11,5,41250.0,4290.0,1.8,0.0,1,0,1,High,2023,10
2023-10-12,9,98450.0,3666.6666666666665,2.6666666666666665,0.0,1,0,1,High,2023,10
2023-10-13,5,31350.0,3740.0,1.8,0.0,1,0,1,High,2023,10
2023-10-14,5,73150.0,3740.0,3.8,0.0,1,1,1,High,2023,10
2023-10-15,3,39600.0,4583.333333333333,2.6666666666666665,0.0,1,1,0,Low,2023,10
2023-10-16,4,37400.0,2750.0,3.0,0.0,1,0,0,Low,2023,10
2023-10-17,3,13200.0,1650.0,2.6666666666666665,0.0,1,0,0,Low,2023,10
2023-10-18,7,64350.0,4007.1428571428573,2.5714285714285716,0.0,1,0,1,High,2023,10
2023-10-19,5,25300.0,2530.0,2.0,0.0,1,0,1,High,2023,10
2023-10-20,6,48950.0,3666.6666666666665,2.5,0.0,1,0,1,High,2023,10
2023-10-21,6,74800.0,4583.333333333333,2.6666666666666665,0.0,1,1,1,High,2023,10
2023-10-22,5,33000.0,2970.0,2.2,0.0,1,1,1,High,2023,10
2023-10-23,8,76450.0,2956.25,3.0,0.0,1,0,1,High,2023,10
2023-10-24,7,82500.0,4400.0,2.4285714285714284,0.0,1,0,1,High,2023,10
2023-10-25,5,35750.0,3740.0,2.0,0.0,1,0,1,High,2023,10
2023-10-26,5,77550.0,4950.0,3.2,0.0,1,0,1,High,2023,10
2023-10-27,2,25850.0,3850.0,2.5,0.0,1,0,0,Low,2023,10
2023-10-28,6,42900.0,3208.3333333333335,2.1666666666666665,0.0,1,1,1,High,2023,10
2023-10-29,9,75900.0,3177.777777777778,2.5555555555555554,0.0,1,1,1,High,2023,10
2023-10-30,7,48950.0,3142.8571428571427,2.142857142857143,0.0,1,0,1,High,2023,10
2023-10-31,9,70950.0,3361.1111111111113,2.5555555555555554,0.0,1,0,1,High,2023,10
2023-11-01,7,50050.0,3142.8571428571427,2.0,0.0,1,0,1,High,2023,11
2023-11-02,7,63800.0,3378.5714285714284,3.142857142857143,0.0,1,0,1,High,2023,11
2023-11-03,3,17600.0,3116.6666666666665,2.6666666666666665,0.0,1,0,0,Low,2023,11
2023-11-04,4,44000.0,3575.0,3.0,0.0,1,1,0,Low,2023,11
2023-11-05,10,86350.0,3135.0,2.7,0.0,1,1,1,High,2023,11
2023-11-06,7,58850.0,3378.5714285714284,2.5714285714285716,0.0,1,0,1,High,2023,11
2023-11-07,7,79200.0,4007.1428571428573,2.5714285714285716,0.0,1,0,1,High,2023,11
2023-11-08,6,54450.0,3391.6666666666665,2.6666666666666665,0.0,1,0,1,High,2023,11
2023-11-09,3,22550.0,3666.6666666666665,2.6666666666666665,0.0,1,0,0,Low,2023,11
2023-11-10,3,25850.0,3666.6666666666665,3.0,0.0,1,0,0,Low,2023,11
2023-11-11,6,51150.0,3116.6666666666665,2.5,0.0,1,1,1,High,2023,11
2023-11-12,6,40150.0,2383.3333333333335,3.1666666666666665,0.0,1,1,1,High,2023,11
2023-11-13,5,40150.0,4620.0,1.8,0.0,1,0,1,High,2023,11
2023-11-14,7,29700.0,1885.7142857142858,2.142857142857143,0.0,1,0,1,High,2023,11
2023-11-15,8,67100.0,2956.25,3.25,0.0,1,0,1,High,2023,11
2023-11-16,6,39600.0,2383.3333333333335,2.6666666666666665,0.0,1,0,1,High,2023,11
2023-11-17,5,40700.0,3740.0,2.4,0.0,1,0,1,High,2023,11
2023-11-18,4,30250.0,3575.0,2.25,0.0,1,1,0,Low,2023,11
2023-11-19,4,67100.0,4950.0,3.5,0.0,1,1,0,Low,2023,11
2023-11-20,4,26400.0,2887.5,2.5,0.0,1,0,0,Low,2023,11
2023-11-21,13,104500.0,3976.923076923077,2.230769230769231,0.0,1,0,1,High,2023,11
2023-11-22,5,35750.0,4620.0,1.6,0.0,1,0,1,High,2023,11
2023-11-23,10,72600.0,3135.0,2.5,0.0,1,0,1,High,2023,11
2023-11-24,9,69850.0,3300.0,2.2222222222222223,0.0,1,0,1,High,2023,11
2023-11-25,3,28050.0,2750.0,3.3333333333333335,0.0,1,1,0,Low,2023,11
2023-11-26,13,112200.0,3511.5384615384614,2.5384615384615383,0.0,1,1,1,High,2023,11
2023-11-27,3,42350.0,6050.0,2.3333333333333335,0.0,1,0,0,Low,2023,11
2023-11-28,4,27500.0,3162.5,2.75,0.0,1,0,0,Low,2023,11
2023-11-29,8,59950.0,3162.5,2.25,0.0,1,0,1,High,2023,11
2023-11-30,5,34100.0,3740.0,1.8,0.0,1,0,1,High,2023,11
2023-12-01,5,40150.0,2860.0,3.2,0.0,1,0,1,High,2023,12
2023-12-02,4,31350.0,3162.5,2.5,0.0,1,1,0,Low,2023,12
2023-12-03,6,72050.0,3666.6666666666665,3.1666666666666665,0.0,1,1,1,High,2023,12
2023-12-04,5,22000.0,3740.0,1.4,0.0,1,0,1,High,2023,12
2023-12-05,4,34100.0,4675.0,1.75,0.0,1,0,0,Low,2023,12
2023-12-06,8,58300.0,2818.75,2.625,0.0,1,0,1,High,2023,12
2023-12-07,7,81400.0,4164.285714285715,2.857142857142857,0.0,1,0,1,High,2023,12
2023-12-08,9,62700.0,2200.0,3.0,0.0,1,0,1,High,2023,12
2023-12-09,6,33000.0,2750.0,1.8333333333333333,0.0,1,1,1,High,2023,12
2023-12-10,8,76450.0,4262.5,2.375,0.0,1,1,1,High,2023,12
2023-12-11,8,77000.0,4606.25,2.375,0.0,1,0,1,High,2023,12
2023-12-12,1,1650.0,1650.0,1.0,0.0,1,0,0,Low,2023,12
2023-12-13,6,49500.0,3116.6666666666665,2.3333333333333335,0.0,1,0,1,High,2023,12
2023-12-14,5,40700.0,2530.0,2.8,0.0,1,0,1,High,2023,12
2023-12-15,7,78100.0,3378.5714285714284,3.0,0.0,1,0,1,High,2023,12
2023-12-16,7,70950.0,3535.714285714286,2.7142857142857144,0.0,1,1,1,High,2023,12
2023-12-17,5,28600.0,3190.0,1.8,0.0,1,1,1,High,2023,12
2023-12-18,5,63250.0,4400.0,3.0,0.0,1,0,1,High,2023,12
2023-12-19,5,40150.0,5500.0,1.6,0.0,1,0,1,High,2023,12
2023-12-20,9,81950.0,3666.6666666666665,2.4444444444444446,0.0,1,0,1,High,2023,12
2023-12-21,7,37400.0,3221.4285714285716,1.8571428571428572,0.0,1,0,1,High,2023,12
2023-12-22,11,99550.0,3600.0,2.5454545454545454,0.0,1,0,1,High,2023,12
2023-12-23,6,66000.0,4858.333333333333,2.1666666666666665,0.0,1,1,1,High,2023,12
2023-12-24,9,62700.0,2505.5555555555557,2.5555555555555554,0.0,1,1,1,High,2023,12
2023-12-25,5,37950.0,2640.0,2.8,0.0,1,0,1,High,2023,12
2023-12-26,4,29700.0,2475.0,3.0,0.0,1,0,0,Low,2023,12
2023-12-27,9,64900.0,3300.0,2.4444444444444446,0.0,1,0,1,High,2023,12
2023-12-28,4,19250.0,2750.0,2.25,0.0,1,0,0,Low,2023,12
2023-12-29,5,44550.0,4070.0,2.6,0.0,1,0,1,High,2023,12
2023-12-30,6,53350.0,3666.6666666666665,2.3333333333333335,0.0,1,1,1,High,2023,12
2023-12-31,3,35750.0,3116.6666666666665,3.6666666666666665,0.0,1,1,0,Low,2023,12
2024-01-01,7,51150.0,3378.5714285714284,2.4285714285714284,0.0,1,0,1,High,2024,1
2024-01-02,8,72050.0,3506.25,2.875,0.0,1,0,1,High,2024,1
2024-01-03,4,37950.0,2475.0,3.75,0.0,1,0,0,Low,2024,1
2024-01-04,1,3300.0,3300.0,1.0,0.0,1,0,0,Low,2024,1
2024-01-05,1,4950.0,1650.0,3.0,0.0,1,0,0,Low,2024,1
2024-01-06,6,50600.0,3666.6666666666665,2.6666666666666665,0.0,1,1,1,High,2024,1
2024-01-07,5,65450.0,3740.0,3.4,0.0,1,1,1,High,2024,1
2024-01-08,5,57750.0,3740.0,3.0,0.0,1,0,1,High,2024,1
2024-01-09,8,48950.0,3162.5,1.875,0.0,1,0,1,High,2024,1
2024-01-10,4,47850.0,3850.0,3.25,0.0,1,0,0,Low,2024,1
2024-01-11,10,65450.0,3135.0,2.0,0.0,1,0,1,High,2024,1
2024-01-12,7,70400.0,2985.714285714286,3.142857142857143,0.0,1,0,1,High,2024,1
2024-01-13,4,37400.0,3162.5,2.75,0.0,1,1,0,Low,2024,1
2024-01-14,11,99000.0,3950.0,2.090909090909091,0.0,1,1,1,High,2024,1
2024-01-15,4,20900.0,3162.5,2.0,0.0,1,0,0,Low,2024,1
2024-01-16,7,89100.0,3850.0,3.4285714285714284,0.0,1,0,1,High,2024,1
2024-01-17,3,9900.0,1650.0,2.0,0.0,1,0,0,Low,2024,1
2024-01-18,9,67650.0,2811.1111111111113,2.5555555555555554,0.0,1,0,1,High,2024,1
2024-01-19,10,112750.0,3630.0,2.9,0.0,1,0,1,High,2024,1
2024-01-20,5,50600.0,4290.0,2.4,0.0,1,1,1,High,2024,1
2024-01-21,7,69300.0,4164.285714285715,2.5714285714285716,0.0,1,1,1,High,2024,1
2024-01-22,10,51700.0,2420.0,2.0,0.0,1,0,1,High,2024,1
2024-01-23,5,38500.0,4290.0,2.0,0.0,1,0,1,High,2024,1
2024-01-24,3,14850.0,2750.0,2.0,0.0,1,0,0,Low,2024,1
2024-01-25,3,13200.0,2200.0,2.0,0.0,1,0,0,Low,2024,1
2024-01-26,7,78100.0,4400.0,2.4285714285714284,0.0,1,0,1,High,2024,1
2024-01-27,8,75350.0,3368.75,2.625,0.0,1,1,1,High,2024,1
2024-01-28,4,18700.0,4262.5,1.25,0.0,1,1,0,Low,2024,1
2024-01-29,5,41250.0,3190.0,2.6,0.0,1,0,1,High,2024,1
2024-01-30,6,67100.0,4400.0,2.6666666666666665,0.0,1,0,1,High,2024,1
2024-01-31,6,46200.0,3391.6666666666665,2.8333333333333335,0.0,1,0,1,High,2024,1
2024-02-01,6,34650.0,2475.0,2.5,0.0,1,0,1,High,2024,2
2024-02-02,6,67100.0,4125.0,3.0,0.0,1,0,1,High,2024,2
2024-02-03,3,23650.0,3666.6666666666665,2.0,0.0,1,1,0,Low,2024,2
2024-02-04,7,90750.0,3535.714285714286,3.2857142857142856,0.0,1,1,1,High,2024,2
2024-02-05,4,40700.0,3162.5,3.0,0.0,1,0,0,Low,2024,2
2024-02-06,3,17050.0,3116.6666666666665,1.6666666666666667,0.0,1,0,0,Low,2024,2
2024-02-07,4,37950.0,3162.5,3.25,0.0,1,0,0,Low,2024,2
2024-02-08,6,67650.0,3666.6666666666665,3.0,0.0,1,0,1,High,2024,2
2024-02-09,2,9900.0,1650.0,3.0,0.0,1,0,0,Low,2024,2
2024-02-10,4,55000.0,5362.5,2.5,0.0,1,1,0,Low,2024,2
2024-02-11,8,78100.0,4812.5,1.875,0.0,1,1,1,High,2024,2
2024-02-12,3,42350.0,6050.0,2.3333333333333335,0.0,1,0,0,Low,2024,2
2024-02-13,6,57200.0,2658.3333333333335,3.3333333333333335,0.0,1,0,1,High,2024,2
2024-02-14,2,25850.0,3850.0,2.5,0.0,1,0,0,Low,2024,2
2024-02-15,1,3300.0,3300.0,1.0,0.0,1,0,0,Low,2024,2
2024-02-16,4,73700.0,5362.5,3.5,0.0,1,0,0,Low,2024,2
2024-02-17,8,55000.0,3162.5,2.0,0.0,1,1,1,High,2024,2
2024-02-18,9,68200.0,3300.0,2.111111111111111,0.0,1,1,1,High,2024,2
2024-02-19,12,108350.0,3666.6666666666665,2.4166666666666665,0.0,1,0,1,High,2024,2
2024-02-20,4,45100.0,4262.5,2.5,0.0,1,0,0,Low,2024,2
2024-02-21,5,70400.0,5500.0,2.6,0.0,1,0,1,High,2024,2
2024-02-22,1,3300.0,1650.0,2.0,0.0,1,0,0,Low,2024,2
2024-02-23,10,66550.0,2585.0,2.7,0.0,1,0,1,High,2024,2
2024-02-24,7,53900.0,2750.0,2.7142857142857144,0.0,1,1,1,High,2024,2
2024-02-25,10,67100.0,3190.0,2.2,0.0,1,1,1,High,2024,2
2024-02-26,5,56650.0,4070.0,3.0,0.0,1,0,1,High,2024,2
2024-02-27,1,1650.0,1650.0,1.0,0.0,1,0,0,Low,2024,2
2024-02-28,2,31350.0,4675.0,3.5,0.0,1,0,0,Low,2024,2
2024-02-29,4,37400.0,2750.0,3.0,0.0,1,0,0,Low,2024,2
2024-03-01,6,61600.0,3850.0,2.6666666666666665,0.0,1,0,1,High,2024,3
2024-03-02,6,62150.0,3666.6666666666665,3.1666666666666665,0.0,1,1,1,High,2024,3
2024-03-03,5,37950.0,2860.0,2.6,0.0,1,1,1,High,2024,3
2024-03-04,5,44550.0,3410.0,2.2,0.0,1,0,1,High,2024,3
2024-03-05,3,27500.0,5133.333333333333,1.6666666666666667,0.0,1,0,0,Low,2024,3
2024-03-06,2,31350.0,4675.0,3.5,0.0,1,0,0,Low,2024,3
2024-03-07,4,28050.0,2475.0,3.0,0.0,1,0,0,Low,2024,3
2024-03-08,9,88000.0,3177.777777777778,2.7777777777777777,0.0,1,0,1,High,2024,3
2024-03-09,2,37400.0,4675.0,4.0,0.0,1,1,0,Low,2024,3
2024-03-10,11,96250.0,3950.0,2.3636363636363638,0.0,1,1,1,High,2024,3
2024-03-11,9,47850.0,2383.3333333333335,2.2222222222222223,0.0,1,0,1,High,2024,3
2024-03-12,6,100100.0,5316.666666666667,3.0,0.0,1,0,1,High,2024,3
2024-03-13,5,22550.0,3190.0,1.8,0.0,1,0,1,High,2024,3
2024-03-14,7,52250.0,3142.8571428571427,2.5714285714285716,0.0,1,0,1,High,2024,3
2024-03-15,4,47300.0,4950.0,2.5,0.0,1,0,0,Low,2024,3
2024-03-16,3,18150.0,2200.0,2.6666666666666665,0.0,1,1,0,Low,2024,3
2024-03-17,4,40700.0,3575.0,2.5,0.0,1,1,0,Low,2024,3
2024-03-18,8,51700.0,3162.5,2.5,0.0,1,0,1,High,2024,3
2024-03-19,5,29150.0,3520.0,1.8,0.0,1,0,1,High,2024,3
2024-03-20,2,24200.0,6050.0,2.0,0.0,1,0,0,Low,2024,3
2024-03-21,6,86350.0,4858.333333333333,3.1666666666666665,0.0,1,0,1,High,2024,3
2024-03-22,6,44550.0,3391.6666666666665,2.5,0.0,1,0,1,High,2024,3
2024-03-23,4,45100.0,3575.0,3.5,0.0,1,1,0,Low,2024,3
2024-03-24,6,61050.0,5316.666666666667,2.1666666666666665,0.0,1,1,1,High,2024,3
2024-03-25,7,45650.0,3142.8571428571427,2.0,0.0,1,0,1,High,2024,3
2024-03-26,11,86900.0,3000.0,2.727272727272727,0.0,1,0,1,High,2024,3
2024-03-27,2,28050.0,4675.0,3.0,0.0,1,0,0,Low,2024,3
2024-03-28,8,50050.0,2612.5,2.625,0.0,1,0,1,High,2024,3
2024-03-29,7,73700.0,3378.5714285714284,2.7142857142857144,0.0,1,0,1,High,2024,3
2024-03-30,8,92400.0,4056.25,2.75,0.0,1,1,1,High,2024,3
2024-03-31,7,111650.0,5028.571428571428,3.142857142857143,0.0,1,1,1,High,2024,3
2024-04-02,1,1350.0,1350.0,1.0,0.0,0,0,0,Low,2024,4
2024-04-03,2,6750.0,2025.0,1.5,0.0,0,0,0,Low,2024,4
2024-04-04,1,2700.0,1350.0,2.0,0.0,0,0,0,Low,2024,4
2024-04-05,1,4950.0,4950.0,1.0,0.0,0,0,0,Low,2024,4
2024-04-06,4,9450.0,1350.0,1.75,0.0,0,1,0,Low,2024,4
2024-04-07,3,5400.0,1800.0,1.0,0.0,0,1,0,Low,2024,4
2024-04-09,3,10800.0,2250.0,1.6666666666666667,0.0,0,0,0,Low,2024,4
2024-04-10,3,15300.0,3000.0,1.6666666666666667,0.0,0,0,0,Low,2024,4
2024-04-11,2,10350.0,3825.0,1.5,0.0,0,0,0,Low,2024,4
2024-04-12,1,4950.0,4950.0,1.0,0.0,0,0,0,Low,2024,4
2024-04-13,5,25650.0,3330.0,1.6,0.0,0,1,1,High,2024,4
2024-04-14,3,4050.0,1350.0,1.0,0.0,0,1,0,Low,2024,4
2024-04-15,3,10800.0,2250.0,1.6666666666666667,0.0,0,0,0,Low,2024,4
2024-04-16,3,10350.0,2550.0,1.6666666666666667,0.0,0,0,0,Low,2024,4
2024-04-17,7,45900.0,4435.714285714285,1.4285714285714286,0.0,0,0,1,High,2024,4
2024-04-18,3,12600.0,2550.0,1.3333333333333333,0.0,0,0,0,Low,2024,4
2024-04-19,4,22500.0,3150.0,1.5,0.0,0,0,0,Low,2024,4
2024-04-20,3,6750.0,1800.0,1.3333333333333333,0.0,0,1,0,Low,2024,4
2024-04-21,4,18900.0,3150.0,1.5,0.0,0,1,0,Low,2024,4
2024-04-22,2,6300.0,3150.0,1.0,0.0,0,0,0,Low,2024,4
2024-04-23,2,4050.0,1350.0,1.5,0.0,0,0,0,Low,2024,4
2024-04-24,1,2700.0,2700.0,1.0,0.0,0,0,0,Low,2024,4
2024-04-25,2,7650.0,3150.0,1.5,0.0,0,0,0,Low,2024,4
2024-04-26,6,28350.0,2775.0,1.8333333333333333,0.0,0,0,1,High,2024,4
2024-04-27,4,20250.0,3487.5,1.5,0.0,0,1,0,Low,2024,4
2024-04-28,6,23850.0,2625.0,1.6666666666666667,0.0,0,1,1,High,2024,4
2024-04-29,4,10350.0,2587.5,1.0,0.0,0,0,0,Low,2024,4
2024-04-30,4,12150.0,1687.5,1.75,0.0,0,0,0,Low,2024,4
2024-05-01,5,22050.0,2610.0,1.6,0.0,0,0,1,High,2024,5
2024-05-03,3,18000.0,3000.0,2.0,0.0,0,0,0,Low,2024,5
2024-05-04,3,8100.0,1350.0,2.0,0.0,0,1,0,Low,2024,5
2024-05-05,5,32850.0,3780.0,1.8,0.0,0,1,1,High,2024,5
2024-05-06,8,36450.0,3937.5,1.125,0.0,0,0,1,High,2024,5
2024-05-08,6,28350.0,3000.0,1.6666666666666667,0.0,0,0,1,High,2024,5
2024-05-09,4,11700.0,2587.5,1.25,0.0,0,0,0,Low,2024,5
2024-05-11,4,14400.0,2587.5,1.5,0.0,0,1,0,Low,2024,5
2024-05-12,1,2700.0,1350.0,2.0,0.0,0,1,0,Low,2024,5
2024-05-14,2,4050.0,2025.0,1.0,0.0,0,0,0,Low,2024,5
2024-05-15,6,12150.0,1575.0,1.3333333333333333,0.0,0,0,1,High,2024,5
2024-05-16,2,6300.0,3150.0,1.0,0.0,0,0,0,Low,2024,5
2024-05-17,2,6750.0,2025.0,1.5,0.0,0,0,0,Low,2024,5
2024-05-18,1,5400.0,2700.0,2.0,0.0,0,1,0,Low,2024,5
2024-05-19,2,7650.0,3825.0,1.0,0.0,0,1,0,Low,2024,5
2024-05-20,2,11250.0,3150.0,1.5,0.0,0,0,0,Low,2024,5
2024-05-21,3,6750.0,1350.0,1.6666666666666667,0.0,0,0,0,Low,2024,5
2024-05-22,2,6750.0,2025.0,1.5,0.0,0,0,0,Low,2024,5
2024-05-23,5,13050.0,2340.0,1.2,0.0,0,0,1,High,2024,5
2024-05-25,5,14850.0,1620.0,1.8,0.0,0,1,1,High,2024,5
2024-05-26,5,18450.0,2340.0,1.8,0.0,0,1,1,High,2024,5
2024-05-27,1,9900.0,4950.0,2.0,0.0,0,0,0,Low,2024,5
2024-05-28,2,5400.0,2025.0,1.5,0.0,0,0,0,Low,2024,5
2024-05-29,2,12600.0,3150.0,2.0,0.0,0,0,0,Low,2024,5
2024-05-30,1,2700.0,1350.0,2.0,0.0,0,0,0,Low,2024,5
2024-05-31,5,20250.0,2790.0,1.4,0.0,0,0,1,High,2024,5
2024-06-01,6,22950.0,2550.0,1.5,0.0,0,1,1,High,2024,6
2024-06-03,3,15300.0,3450.0,1.3333333333333333,0.0,0,0,0,Low,2024,6
2024-06-04,4,22950.0,3487.5,1.75,0.0,0,0,0,Low,2024,6
2024-06-05,2,4050.0,1350.0,1.5,0.0,0,0,0,Low,2024,6
2024-06-06,1,2700.0,2700.0,1.0,0.0,0,0,0,Low,2024,6
2024-06-07,1,4950.0,4950.0,1.0,0.0,0,0,0,Low,2024,6
2024-06-08,5,18000.0,3060.0,1.2,0.0,0,1,1,High,2024,6
2024-06-09,4,11700.0,2587.5,1.25,0.0,0,1,0,Low,2024,6
2024-06-12,1,2700.0,1350.0,2.0,0.0,0,0,0,Low,2024,6
2024-06-13,1,9900.0,4950.0,2.0,0.0,0,0,0,Low,2024,6
2024-06-14,1,1350.0,1350.0,1.0,0.0,0,0,0,Low,2024,6
2024-06-15,3,10350.0,2550.0,1.6666666666666667,0.0,0,1,0,Low,2024,6
2024-06-16,1,4950.0,4950.0,1.0,0.0,0,1,0,Low,2024,6
2024-06-17,4,20700.0,2587.5,2.0,0.0,0,0,0,Low,2024,6
2024-06-18,4,11700.0,2250.0,1.5,0.0,0,0,0,Low,2024,6
2024-06-19,5,18000.0,2070.0,1.6,0.0,0,0,1,High,2024,6
2024-06-20,3,15300.0,3000.0,1.6666666666666667,0.0,0,0,0,Low,2024,6
2024-06-21,3,18000.0,3000.0,2.0,0.0,0,0,0,Low,2024,6
2024-06-22,2,5400.0,2025.0,1.5,0.0,0,1,0,Low,2024,6
2024-06-23,5,8100.0,1350.0,1.2,0.0,0,1,1,High,2024,6
2024-06-24,3,8100.0,1800.0,1.6666666666666667,0.0,0,0,0,Low,2024,6
2024-06-25,3,5400.0,1800.0,1.0,0.0,0,0,0,Low,2024,6
2024-06-26,5,21600.0,2790.0,1.6,0.0,0,0,1,High,2024,6
2024-06-27,1,2700.0,1350.0,2.0,0.0,0,0,0,Low,2024,6
2024-06-28,4,9450.0,1687.5,1.5,0.0,0,0,0,Low,2024,6
2024-06-29,3,6750.0,2250.0,1.0,0.0,0,1,0,Low,2024,6
2024-06-30,5,14850.0,1620.0,1.8,0.0,0,1,1,High,2024,6
2024-07-01,4,17550.0,3150.0,1.25,0.0,0,0,0,Low,2024,7
2024-07-02,8,36000.0,3206.25,1.375,0.0,0,0,1,High,2024,7
2024-07-03,2,6750.0,2025.0,1.5,0.0,0,0,0,Low,2024,7
2024-07-04,6,27000.0,2775.0,1.6666666666666667,0.0,0,0,1,High,2024,7
2024-07-05,5,14850.0,1890.0,1.6,0.0,0,0,1,High,2024,7
2024-07-06,5,27900.0,3060.0,1.6,0.0,0,1,1,High,2024,7
2024-07-07,3,15300.0,3000.0,1.6666666666666667,0.0,0,1,0,Low,2024,7
2024-07-08,1,5400.0,2700.0,2.0,0.0,0,0,0,Low,2024,7
2024-07-09,1,5400.0,2700.0,2.0,0.0,0,0,0,Low,2024,7
2024-07-10,3,9450.0,2250.0,1.3333333333333333,0.0,0,0,0,Low,2024,7
2024-07-11,1,9900.0,4950.0,2.0,0.0,0,0,0,Low,2024,7
2024-07-12,4,15300.0,2250.0,1.5,0.0,0,0,0,Low,2024,7
2024-07-13,5,19350.0,2070.0,1.8,0.0,0,1,1,High,2024,7
2024-07-14,5,18000.0,3330.0,1.2,0.0,0,1,1,High,2024,7
2024-07-15,1,2700.0,1350.0,2.0,0.0,0,0,0,Low,2024,7
2024-07-16,2,4050.0,2025.0,1.0,0.0,0,0,0,Low,2024,7
2024-07-17,2,4050.0,1350.0,1.5,0.0,0,0,0,Low,2024,7
2024-07-19,3,9450.0,2250.0,1.3333333333333333,0.0,0,0,0,Low,2024,7
2024-07-20,1,9900.0,4950.0,2.0,0.0,0,1,0,Low,2024,7
2024-07-21,4,27450.0,4387.5,1.5,0.0,0,1,0,Low,2024,7
2024-07-22,2,12600.0,3150.0,2.0,0.0,0,0,0,Low,2024,7
2024-07-23,2,7650.0,3150.0,1.5,0.0,0,0,0,Low,2024,7
2024-07-24,3,5400.0,1350.0,1.3333333333333333,0.0,0,0,0,Low,2024,7
2024-07-25,1,2700.0,1350.0,2.0,0.0,0,0,0,Low,2024,7
2024-07-26,4,13050.0,2925.0,1.25,0.0,0,0,0,Low,2024,7
2024-07-27,3,6750.0,1800.0,1.3333333333333333,0.0,0,1,0,Low,2024,7
2024-07-28,4,13500.0,2025.0,1.75,0.0,0,1,0,Low,2024,7
2024-07-29,1,9900.0,4950.0,2.0,0.0,0,0,0,Low,2024,7
2024-07-30,3,17550.0,4200.0,1.3333333333333333,0.0,0,0,0,Low,2024,7
2024-07-31,3,12600.0,4200.0,1.0,0.0,0,0,0,Low,2024,7
2024-08-01,3,9000.0,2550.0,1.3333333333333333,0.0,0,0,0,Low,2024,8
2024-08-02,3,13950.0,3000.0,1.3333333333333333,0.0,0,0,0,Low,2024,8
2024-08-03,3,9000.0,3000.0,1.0,0.0,0,1,0,Low,2024,8
2024-08-04,3,8100.0,1350.0,2.0,0.0,0,1,0,Low,2024,8
2024-08-05,3,15300.0,3000.0,1.6666666666666667,0.0,0,0,0,Low,2024,8
2024-08-07,1,2700.0,1350.0,2.0,0.0,0,0,0,Low,2024,8
2024-08-08,5,23850.0,3780.0,1.2,0.0,0,0,1,High,2024,8
2024-08-09,7,45900.0,4435.714285714285,1.4285714285714286,0.0,0,0,1,High,2024,8
2024-08-10,4,6750.0,1350.0,1.25,0.0,0,1,0,Low,2024,8
2024-08-11,4,21600.0,3487.5,1.5,0.0,0,1,0,Low,2024,8
2024-08-12,1,1350.0,1350.0,1.0,0.0,0,0,0,Low,2024,8
2024-08-13,4,10800.0,1687.5,1.5,0.0,0,0,0,Low,2024,8
2024-08-14,3,20250.0,4200.0,1.6666666666666667,0.0,0,0,0,Low,2024,8
2024-08-15,1,1350.0,1350.0,1.0,0.0,0,0,0,Low,2024,8
2024-08-16,5,29250.0,3060.0,1.8,0.0,0,0,1,High,2024,8
2024-08-17,5,26550.0,2790.0,1.8,0.0,0,1,1,High,2024,8
2024-08-18,4,20700.0,2587.5,2.0,0.0,0,1,0,Low,2024,8
2024-08-19,2,4050.0,1350.0,1.5,0.0,0,0,0,Low,2024,8
2024-08-20,2,15300.0,3825.0,2.0,0.0,0,0,0,Low,2024,8
2024-08-21,2,7650.0,3150.0,1.5,0.0,0,0,0,Low,2024,8
2024-08-22,3,18000.0,3000.0,2.0,0.0,0,0,0,Low,2024,8
2024-08-23,3,12600.0,2550.0,1.3333333333333333,0.0,0,0,0,Low,2024,8
2024-08-24,2,11250.0,3150.0,1.5,0.0,0,1,0,Low,2024,8
2024-08-25,4,11700.0,2587.5,1.25,0.0,0,1,0,Low,2024,8
2024-08-26,1,9900.0,4950.0,2.0,0.0,0,0,0,Low,2024,8
2024-08-27,4,15300.0,2250.0,1.5,0.0,0,0,0,Low,2024,8
2024-08-28,4,29700.0,4950.0,1.5,0.0,0,0,0,Low,2024,8
2024-08-29,2,11250.0,3150.0,1.5,0.0,0,0,0,Low,2024,8
2024-08-30,5,13050.0,2340.0,1.2,0.0,0,0,1,High,2024,8
2024-08-31,1,1350.0,1350.0,1.0,0.0,0,1,0,Low,2024,8
2024-09-01,4,11700.0,2250.0,1.5,0.0,0,1,0,Low,2024,9
2024-09-02,3,16200.0,3750.0,1.3333333333333333,0.0,0,0,0,Low,2024,9
2024-09-03,2,10800.0,2700.0,2.0,0.0,0,0,0,Low,2024,9
2024-09-04,3,4050.0,1350.0,1.0,0.0,0,0,0,Low,2024,9
2024-09-05,3,15300.0,3000.0,1.6666666666666667,0.0,0,0,0,Low,2024,9
2024-09-06,4,8100.0,1350.0,1.5,0.0,0,0,0,Low,2024,9
2024-09-08,3,5400.0,1350.0,1.3333333333333333,0.0,0,1,0,Low,2024,9
2024-09-09,5,14400.0,2340.0,1.4,0.0,0,0,1,High,2024,9
2024-09-10,2,11250.0,3150.0,1.5,0.0,0,0,0,Low,2024,9
2024-09-11,3,13950.0,3000.0,1.3333333333333333,0.0,0,0,0,Low,2024,9
2024-09-12,4,8100.0,1350.0,1.5,0.0,0,0,0,Low,2024,9
2024-09-13,3,10350.0,3000.0,1.3333333333333333,0.0,0,0,0,Low,2024,9
2024-09-14,4,11700.0,2250.0,1.5,0.0,0,1,0,Low,2024,9
2024-09-15,3,18000.0,3000.0,2.0,0.0,0,1,0,Low,2024,9
2024-09-16,1,2700.0,1350.0,2.0,0.0,0,0,0,Low,2024,9
2024-09-17,3,10800.0,2250.0,1.6666666666666667,0.0,0,0,0,Low,2024,9
2024-09-18,2,2700.0,1350.0,1.0,0.0,0,0,0,Low,2024,9
2024-09-19,3,7650.0,2550.0,1.0,0.0,0,0,0,Low,2024,9
2024-09-20,4,11700.0,2250.0,1.5,0.0,0,0,0,Low,2024,9
2024-09-21,2,7650.0,3825.0,1.0,0.0,0,1,0,Low,2024,9
2024-09-22,3,13950.0,2550.0,1.6666666666666667,0.0,0,1,0,Low,2024,9
2024-09-23,2,5400.0,2025.0,1.5,0.0,0,0,0,Low,2024,9
2024-09-24,4,15300.0,2587.5,1.25,0.0,0,0,0,Low,2024,9
2024-09-25,3,13050.0,3000.0,1.6666666666666667,0.0,0,0,0,Low,2024,9
2024-09-26,3,12600.0,2550.0,1.3333333333333333,0.0,0,0,0,Low,2024,9
2024-09-27,2,4050.0,1350.0,1.5,0.0,0,0,0,Low,2024,9
2024-09-28,4,16650.0,2250.0,1.75,0.0,0,1,0,Low,2024,9
2024-09-29,2,14850.0,4950.0,1.5,0.0,0,1,0,Low,2024,9
2024-09-30,5,14400.0,2340.0,1.4,0.0,0,0,1,High,2024,9
2024-10-01,6,91300.0,4583.333333333333,3.0,0.0,1,0,1,High,2024,10
2024-10-02,10,61050.0,2860.0,2.3,0.0,1,0,1,High,2024,10
2024-10-03,4,22550.0,2750.0,2.75,0.0,1,0,0,Low,2024,10
2024-10-04,8,52800.0,3368.75,2.375,0.0,1,0,1,High,2024,10
2024-10-05,8,87450.0,3712.5,2.875,0.0,1,1,1,High,2024,10
2024-10-06,8,73150.0,3506.25,2.75,0.0,1,1,1,High,2024,10
2024-10-07,5,46200.0,3520.0,2.4,0.0,1,0,1,High,2024,10
2024-10-08,5,31350.0,2310.0,2.8,0.0,1,0,1,High,2024,10
2024-10-09,8,56100.0,3368.75,2.125,0.0,1,0,1,High,2024,10
2024-10-10,10,86900.0,3740.0,2.8,0.0,1,0,1,High,2024,10
2024-10-11,4,29700.0,2062.5,3.5,0.0,1,0,0,Low,2024,10
2024-10-12,6,76450.0,3391.6666666666665,3.5,0.0,1,1,1,High,2024,10
2024-10-13,8,87450.0,3850.0,2.625,0.0,1,1,1,High,2024,10
2024-10-14,4,28050.0,2887.5,2.5,0.0,1,0,0,Low,2024,10
2024-10-15,4,42350.0,3575.0,2.5,0.0,1,0,0,Low,2024,10
2024-10-16,4,48950.0,4262.5,2.5,0.0,1,0,0,Low,2024,10
2024-10-17,8,113300.0,4468.75,3.125,0.0,1,0,1,High,2024,10
2024-10-18,6,71500.0,3666.6666666666665,2.8333333333333335,0.0,1,0,1,High,2024,10
2024-10-19,7,50600.0,2514.285714285714,2.5714285714285716,0.0,1,1,1,High,2024,10
2024-10-20,8,51150.0,3162.5,2.25,0.0,1,1,1,High,2024,10
2024-10-21,10,61050.0,3025.0,2.2,0.0,1,0,1,High,2024,10
2024-10-22,6,44550.0,2933.3333333333335,2.5,0.0,1,0,1,High,2024,10
2024-10-23,7,82500.0,4007.1428571428573,2.7142857142857144,0.0,1,0,1,High,2024,10
2024-10-24,9,111100.0,3666.6666666666665,3.3333333333333335,0.0,1,0,1,High,2024,10
2024-10-25,7,69300.0,4400.0,2.4285714285714284,0.0,1,0,1,High,2024,10
2024-10-26,10,69300.0,3465.0,2.0,0.0,1,1,1,High,2024,10
2024-10-27,9,55000.0,3116.6666666666665,2.2222222222222223,0.0,1,1,1,High,2024,10
2024-10-28,3,33550.0,5133.333333333333,2.0,0.0,1,0,0,Low,2024,10
2024-10-29,10,88550.0,2915.0,2.6,0.0,1,0,1,High,2024,10
2024-10-30,6,77550.0,4125.0,3.1666666666666665,0.0,1,0,1,High,2024,10
2024-10-31,1,6050.0,6050.0,1.0,0.0,1,0,0,Low,2024,10
2024-11-01,3,14300.0,3116.6666666666665,2.0,0.0,1,0,0,Low,2024,11
2024-11-02,4,71500.0,4675.0,3.75,0.0,1,1,0,Low,2024,11
2024-11-03,10,68750.0,2750.0,2.2,0.0,1,1,1,High,2024,11
2024-11-04,12,72600.0,2062.5,3.0833333333333335,0.0,1,0,1,High,2024,11
2024-11-05,3,16500.0,3300.0,1.6666666666666667,0.0,1,0,0,Low,2024,11
2024-11-06,3,11550.0,1650.0,2.3333333333333335,0.0,1,0,0,Low,2024,11
2024-11-07,7,68750.0,3771.4285714285716,2.857142857142857,0.0,1,0,1,High,2024,11
2024-11-08,5,34650.0,2860.0,2.0,0.0,1,0,1,High,2024,11
2024-11-09,10,74800.0,3905.0,2.0,0.0,1,1,1,High,2024,11
2024-11-10,8,91300.0,4262.5,2.75,0.0,1,1,1,High,2024,11
2024-11-11,3,36300.0,6050.0,2.0,0.0,1,0,0,Low,2024,11
2024-11-12,5,39050.0,3740.0,2.4,0.0,1,0,1,High,2024,11
2024-11-13,6,85250.0,4125.0,3.5,0.0,1,0,1,High,2024,11
2024-11-14,6,50600.0,2933.3333333333335,2.8333333333333335,0.0,1,0,1,High,2024,11
2024-11-15,7,70950.0,3378.5714285714284,2.857142857142857,0.0,1,0,1,High,2024,11
2024-11-16,7,46750.0,2985.714285714286,2.4285714285714284,0.0,1,1,1,High,2024,11
2024-11-17,8,38500.0,2818.75,1.875,0.0,1,1,1,High,2024,11
2024-11-18,6,77000.0,3483.3333333333335,3.6666666666666665,0.0,1,0,1,High,2024,11
2024-11-19,5,37400.0,3740.0,2.0,0.0,1,0,1,High,2024,11
2024-11-20,5,39050.0,3740.0,2.0,0.0,1,0,1,High,2024,11
2024-11-21,6,57750.0,4400.0,2.1666666666666665,0.0,1,0,1,High,2024,11
2024-11-22,2,21450.0,4675.0,2.0,0.0,1,0,0,Low,2024,11
2024-11-23,3,26400.0,3300.0,2.6666666666666665,0.0,1,1,0,Low,2024,11
2024-11-24,7,75900.0,3850.0,2.857142857142857,0.0,1,1,1,High,2024,11
2024-11-25,7,60500.0,3771.4285714285716,2.142857142857143,0.0,1,0,1,High,2024,11
2024-11-26,8,59400.0,3025.0,2.5,0.0,1,0,1,High,2024,11
2024-11-27,5,36300.0,3410.0,2.8,0.0,1,0,1,High,2024,11
2024-11-28,9,62150.0,3300.0,2.5555555555555554,0.0,1,0,1,High,2024,11
2024-11-29,4,31350.0,2750.0,2.75,0.0,1,0,0,Low,2024,11
2024-11-30,5,49500.0,4400.0,2.0,0.0,1,1,1,High,2024,11
2024-12-01,5,52800.0,3740.0,2.6,0.0,1,1,1,High,2024,12
2024-12-02,4,19250.0,2750.0,2.25,0.0,1,0,0,Low,2024,12
2024-12-03,6,29700.0,2200.0,2.3333333333333335,0.0,1,0,1,High,2024,12
2024-12-04,6,35200.0,3391.6666666666665,2.0,0.0,1,0,1,High,2024,12
2024-12-05,5,40700.0,3410.0,2.8,0.0,1,0,1,High,2024,12
2024-12-06,7,56100.0,3378.5714285714284,2.2857142857142856,0.0,1,0,1,High,2024,12
2024-12-07,10,110000.0,3740.0,2.7,0.0,1,1,1,High,2024,12
2024-12-08,6,72600.0,4125.0,2.6666666666666665,0.0,1,1,1,High,2024,12
2024-12-09,3,19800.0,2200.0,2.6666666666666665,0.0,1,0,0,Low,2024,12
2024-12-10,6,35750.0,2933.3333333333335,2.1666666666666665,0.0,1,0,1,High,2024,12
2024-12-11,5,74250.0,5170.0,2.6,0.0,1,0,1,High,2024,12
2024-12-12,4,14850.0,2062.5,1.5,0.0,1,0,0,Low,2024,12
2024-12-13,7,51700.0,2907.1428571428573,2.5714285714285716,0.0,1,0,1,High,2024,12
2024-12-14,3,54450.0,6050.0,3.0,0.0,1,1,0,Low,2024,12
2024-12-15,5,59400.0,4400.0,2.6,0.0,1,1,1,High,2024,12
2024-12-16,10,98450.0,4015.0,2.2,0.0,1,0,1,High,2024,12
2024-12-17,8,57200.0,3025.0,2.5,0.0,1,0,1,High,2024,12
2024-12-19,4,46750.0,4262.5,2.75,0.0,1,0,0,Low,2024,12
2024-12-20,5,28600.0,3520.0,1.6,0.0,1,0,1,High,2024,12
2024-12-21,7,39600.0,2985.714285714286,1.7142857142857142,0.0,1,1,1,High,2024,12
2024-12-22,8,40150.0,2612.5,2.0,0.0,1,1,1,High,2024,12
2024-12-23,6,37400.0,2658.3333333333335,2.6666666666666665,0.0,1,0,1,High,2024,12
2024-12-24,9,84700.0,4155.555555555556,2.3333333333333335,0.0,1,0,1,High,2024,12
2024-12-25,2,8250.0,1650.0,2.5,0.0,1,0,0,Low,2024,12
2024-12-26,7,36300.0,2278.5714285714284,2.0,0.0,1,0,1,High,2024,12
2024-12-27,3,39600.0,5133.333333333333,2.3333333333333335,0.0,1,0,0,Low,2024,12
2024-12-28,8,68200.0,3162.5,2.75,0.0,1,1,1,High,2024,12
2024-12-29,4,41800.0,3850.0,3.0,0.0,1,1,0,Low,2024,12
2024-12-30,6,48950.0,3666.6666666666665,2.1666666666666665,0.0,1,0,1,High,2024,12
2024-12-31,4,45650.0,3162.5,3.25,0.0,1,0,0,Low,2024,12
2025-01-01,2,9350.0,4675.0,1.0,0.0,1,0,0,Low,2025,1
2025-01-02,3,13200.0,2200.0,2.0,0.0,1,0,0,Low,2025,1
2025-01-03,8,54450.0,3368.75,2.25,0.0,1,0,1,High,2025,1
2025-01-04,5,34650.0,2530.0,2.6,0.0,1,1,1,High,2025,1
2025-01-05,5,36850.0,4620.0,1.6,0.0,1,1,1,High,2025,1
2025-01-06,5,77550.0,4950.0,3.2,0.0,1,0,1,High,2025,1
2025-01-07,4,38500.0,4262.5,2.0,0.0,1,0,0,Low,2025,1
2025-01-08,6,74800.0,3391.6666666666665,3.3333333333333335,0.0,1,0,1,High,2025,1
2025-01-09,10,70950.0,3465.0,2.2,0.0,1,0,1,High,2025,1
2025-01-10,6,76450.0,3391.6666666666665,3.5,0.0,1,0,1,High,2025,1
2025-01-11,6,29150.0,3208.3333333333335,1.5,0.0,1,1,1,High,2025,1
2025-01-12,8,79200.0,3918.75,2.625,0.0,1,1,1,High,2025,1
2025-01-13,6,69300.0,4400.0,2.3333333333333335,0.0,1,0,1,High,2025,1
2025-01-14,4,24750.0,2475.0,2.25,0.0,1,0,0,Low,2025,1
2025-01-15,3,20350.0,3116.6666666666665,2.3333333333333335,0.0,1,0,0,Low,2025,1
2025-01-16,5,35200.0,2860.0,2.6,0.0,1,0,1,High,2025,1
2025-01-17,3,17600.0,3666.6666666666665,2.0,0.0,1,0,0,Low,2025,1
2025-01-18,6,44000.0,3391.6666666666665,2.5,0.0,1,1,1,High,2025,1
2025-01-19,3,23100.0,4583.333333333333,2.0,0.0,1,1,0,Low,2025,1
2025-01-20,3,11550.0,2750.0,1.6666666666666667,0.0,1,0,0,Low,2025,1
2025-01-21,5,39600.0,3190.0,2.6,0.0,1,0,1,High,2025,1
2025-01-22,3,25850.0,3666.6666666666665,3.0,0.0,1,0,0,Low,2025,1
2025-01-23,6,57750.0,4125.0,2.5,0.0,1,0,1,High,2025,1
2025-01-24,5,42900.0,3520.0,2.4,0.0,1,0,1,High,2025,1
2025-01-25,9,81400.0,3055.5555555555557,3.111111111111111,0.0,1,1,1,High,2025,1
2025-01-26,9,74800.0,3177.777777777778,2.888888888888889,0.0,1,1,1,High,2025,1
2025-01-27,5,45650.0,3740.0,2.6,0.0,1,0,1,High,2025,1
2025-01-28,1,4950.0,1650.0,3.0,0.0,1,0,0,Low,2025,1
2025-01-29,2,21450.0,3850.0,2.5,0.0,1,0,0,Low,2025,1
2025-01-30,7,73700.0,5028.571428571428,2.2857142857142856,0.0,1,0,1,High,2025,1
2025-01-31,5,41800.0,3740.0,2.2,0.0,1,0,1,High,2025,1
2025-02-01,6,31350.0,3941.6666666666665,1.3333333333333333,0.0,1,1,1,High,2025,2
2025-02-02,6,41800.0,2933.3333333333335,2.6666666666666665,0.0,1,1,1,High,2025,2
2025-02-03,4,55000.0,4262.5,2.75,0.0,1,0,0,Low,2025,2
2025-02-04,7,44550.0,2514.285714285714,2.4285714285714284,0.0,1,0,1,High,2025,2
2025-02-05,4,40700.0,3162.5,2.75,0.0,1,0,0,Low,2025,2
2025-02-06,3,19250.0,3666.6666666666665,2.3333333333333335,0.0,1,0,0,Low,2025,2
2025-02-07,2,17050.0,3850.0,2.5,0.0,1,0,0,Low,2025,2
2025-02-08,8,78100.0,3918.75,2.5,0.0,1,1,1,High,2025,2
2025-02-09,7,42900.0,2357.1428571428573,2.7142857142857144,0.0,1,1,1,High,2025,2
2025-02-10,7,52250.0,3378.5714285714284,2.4285714285714284,0.0,1,0,1,High,2025,2
2025-02-11,7,45650.0,2985.714285714286,2.5714285714285716,0.0,1,0,1,High,2025,2
2025-02-12,7,78650.0,4242.857142857143,2.7142857142857144,0.0,1,0,1,High,2025,2
2025-02-13,4,28050.0,3850.0,2.25,0.0,1,0,0,Low,2025,2
2025-02-14,6,80300.0,4858.333333333333,3.0,0.0,1,0,1,High,2025,2
2025-02-15,8,81400.0,3918.75,2.625,0.0,1,1,1,High,2025,2
2025-02-16,9,79750.0,3605.5555555555557,2.111111111111111,0.0,1,1,1,High,2025,2
2025-02-17,7,66000.0,4164.285714285715,2.2857142857142856,0.0,1,0,1,High,2025,2
2025-02-18,7,45100.0,2750.0,2.4285714285714284,0.0,1,0,1,High,2025,2
2025-02-19,7,91300.0,5657.142857142857,2.2857142857142856,0.0,1,0,1,High,2025,2
2025-02-20,8,67650.0,2956.25,2.75,0.0,1,0,1,High,2025,2
2025-02-21,4,28050.0,2475.0,2.5,0.0,1,0,0,Low,2025,2
2025-02-22,6,46200.0,3208.3333333333335,2.1666666666666665,0.0,1,1,1,High,2025,2
2025-02-23,5,42350.0,4070.0,2.2,0.0,1,1,1,High,2025,2
2025-02-24,6,48950.0,3208.3333333333335,2.1666666666666665,0.0,1,0,1,High,2025,2
2025-02-25,2,16500.0,3300.0,2.5,0.0,1,0,0,Low,2025,2
2025-02-26,3,16500.0,2750.0,2.3333333333333335,0.0,1,0,0,Low,2025,2
2025-02-27,4,16500.0,2062.5,2.0,0.0,1,0,0,Low,2025,2
2025-02-28,4,19800.0,2062.5,2.5,0.0,1,0,0,Low,2025,2
2025-03-01,9,77000.0,3483.3333333333335,2.5555555555555554,0.0,1,1,1,High,2025,3
2025-03-02,7,80850.0,3771.4285714285716,3.0,0.0,1,1,1,High,2025,3
2025-03-03,6,36850.0,2658.3333333333335,2.5,0.0,1,0,1,High,2025,3
2025-03-04,5,53350.0,4400.0,2.4,0.0,1,0,1,High,2025,3
2025-03-05,11,73700.0,2350.0,2.727272727272727,0.0,1,0,1,High,2025,3
2025-03-06,6,61600.0,4675.0,2.0,0.0,1,0,1,High,2025,3
2025-03-07,6,52250.0,3208.3333333333335,3.0,0.0,1,0,1,High,2025,3
2025-03-08,5,50600.0,4290.0,2.4,0.0,1,1,1,High,2025,3
2025-03-09,3,14850.0,1650.0,3.0,0.0,1,1,0,Low,2025,3
2025-03-10,4,45100.0,4262.5,2.75,0.0,1,0,0,Low,2025,3
2025-03-11,6,63250.0,3941.6666666666665,2.8333333333333335,0.0,1,0,1,High,2025,3
2025-03-12,6,31900.0,3391.6666666666665,1.8333333333333333,0.0,1,0,1,High,2025,3
2025-03-13,5,37950.0,2860.0,2.4,0.0,1,0,1,High,2025,3
2025-03-14,7,52800.0,2514.285714285714,2.857142857142857,0.0,1,0,1,High,2025,3
2025-03-15,3,19800.0,2200.0,3.0,0.0,1,1,0,Low,2025,3
2025-03-16,7,31350.0,1650.0,2.7142857142857144,0.0,1,1,1,High,2025,3
2025-03-17,6,64350.0,4125.0,2.3333333333333335,0.0,1,0,1,High,2025,3
2025-03-18,7,51150.0,2592.8571428571427,2.857142857142857,0.0,1,0,1,High,2025,3
2025-03-19,6,57200.0,2933.3333333333335,2.8333333333333335,0.0,1,0,1,High,2025,3
2025-03-20,4,29700.0,2062.5,3.5,0.0,1,0,0,Low,2025,3
2025-03-21,1,12100.0,6050.0,2.0,0.0,1,0,0,Low,2025,3
2025-03-22,8,79750.0,3368.75,2.5,0.0,1,1,1,High,2025,3
2025-03-23,3,8250.0,2750.0,1.0,0.0,1,1,0,Low,2025,3
2025-03-24,4,31350.0,2887.5,2.75,0.0,1,0,0,Low,2025,3
2025-03-25,5,39050.0,3740.0,2.2,0.0,1,0,1,High,2025,3
2025-03-26,4,40700.0,3575.0,2.5,0.0,1,0,0,Low,2025,3
2025-03-27,2,16500.0,2475.0,3.0,0.0,1,0,0,Low,2025,3
2025-03-28,7,66000.0,3142.8571428571427,2.857142857142857,0.0,1,0,1,High,2025,3
2025-03-29,4,31900.0,4950.0,1.5,0.0,1,1,0,Low,2025,3
2025-03-30,9,134200.0,4461.111111111111,3.3333333333333335,0.0,1,1,1,High,2025,3
2025-03-31,4,61050.0,4950.0,3.25,0.0,1,0,0,Low,2025,3
2025-04-01,2,2700.0,1350.0,1.0,0.0,0,0,0,Low,2025,4
2025-04-02,3,18000.0,3000.0,2.0,0.0,0,0,0,Low,2025,4
2025-04-04,5,29250.0,3060.0,1.8,0.0,0,0,1,High,2025,4
2025-04-05,5,14400.0,2070.0,1.6,0.0,0,1,1,High,2025,4
2025-04-06,4,9450.0,1350.0,1.75,0.0,0,1,0,Low,2025,4
2025-04-07,4,23850.0,3150.0,1.75,0.0,0,0,0,Low,2025,4
2025-04-08,3,10800.0,2250.0,1.6666666666666667,0.0,0,0,0,Low,2025,4
2025-04-10,5,22050.0,2340.0,1.8,0.0,0,0,1,High,2025,4
2025-04-11,4,19350.0,2587.5,1.75,0.0,0,0,0,Low,2025,4
2025-04-12,5,15300.0,2790.0,1.2,0.0,0,1,1,High,2025,4
2025-04-13,4,6750.0,1350.0,1.25,0.0,0,1,0,Low,2025,4
2025-04-14,4,16650.0,2587.5,1.5,0.0,0,0,0,Low,2025,4
2025-04-16,3,5400.0,1350.0,1.3333333333333333,0.0,0,0,0,Low,2025,4
2025-04-17,3,9450.0,1800.0,1.6666666666666667,0.0,0,0,0,Low,2025,4
2025-04-18,1,4950.0,4950.0,1.0,0.0,0,0,0,Low,2025,4
2025-04-19,5,27900.0,3780.0,1.6,0.0,0,1,1,High,2025,4
2025-04-20,4,11700.0,2587.5,1.25,0.0,0,1,0,Low,2025,4
2025-04-21,1,2700.0,1350.0,2.0,0.0,0,0,0,Low,2025,4
2025-04-22,2,6750.0,2025.0,1.5,0.0,0,0,0,Low,2025,4
2025-04-23,4,15300.0,2250.0,1.5,0.0,0,0,0,Low,2025,4
2025-04-24,2,8100.0,2025.0,2.0,0.0,0,0,0,Low,2025,4
2025-04-25,6,28350.0,2775.0,1.8333333333333333,0.0,0,0,1,High,2025,4
2025-04-27,3,9450.0,1800.0,1.6666666666666667,0.0,0,1,0,Low,2025,4
2025-04-28,3,15300.0,4200.0,1.3333333333333333,0.0,0,0,0,Low,2025,4
2025-04-29,5,27900.0,3330.0,1.6,0.0,0,0,1,High,2025,4
2025-04-30,3,6750.0,1350.0,1.6666666666666667,0.0,0,0,0,Low,2025,4
2025-05-01,3,22500.0,3750.0,2.0,0.0,0,0,0,Low,2025,5
2025-05-02,3,15300.0,2550.0,2.0,0.0,0,0,0,Low,2025,5
2025-05-03,3,5400.0,1350.0,1.3333333333333333,0.0,0,1,0,Low,2025,5
2025-05-04,4,11700.0,2587.5,1.25,0.0,0,1,0,Low,2025,5
2025-05-05,5,22050.0,2340.0,1.8,0.0,0,0,1,High,2025,5
2025-05-06,5,16650.0,2790.0,1.4,0.0,0,0,1,High,2025,5
2025-05-07,5,27900.0,3060.0,1.6,0.0,0,0,1,High,2025,5
2025-05-08,2,5400.0,1350.0,2.0,0.0,0,0,0,Low,2025,5
2025-05-09,4,18000.0,3825.0,1.25,0.0,0,0,0,Low,2025,5
2025-05-10,2,4050.0,1350.0,1.5,0.0,0,1,0,Low,2025,5
2025-05-11,7,31050.0,2764.285714285714,1.5714285714285714,0.0,0,1,1,High,2025,5
2025-05-12,1,9900.0,4950.0,2.0,0.0,0,0,0,Low,2025,5
2025-05-13,4,20700.0,2925.0,1.75,0.0,0,0,0,Low,2025,5
2025-05-14,3,20250.0,4200.0,1.6666666666666667,0.0,0,0,0,Low,2025,5
2025-05-15,3,8100.0,1800.0,1.6666666666666667,0.0,0,0,0,Low,2025,5
2025-05-16,5,25200.0,3060.0,1.4,0.0,0,0,1,High,2025,5
2025-05-17,4,18900.0,3150.0,1.5,0.0,0,1,0,Low,2025,5
2025-05-18,6,10800.0,1350.0,1.3333333333333333,0.0,0,1,1,High,2025,5
2025-05-19,4,18000.0,3487.5,1.5,0.0,0,0,0,Low,2025,5
2025-05-20,4,14400.0,2587.5,1.5,0.0,0,0,0,Low,2025,5
2025-05-21,6,26100.0,2400.0,1.8333333333333333,0.0,0,0,1,High,2025,5
2025-05-22,3,17550.0,3750.0,1.6666666666666667,0.0,0,0,0,Low,2025,5
2025-05-23,2,11250.0,3150.0,1.5,0.0,0,0,0,Low,2025,5
2025-05-24,2,5400.0,1350.0,2.0,0.0,0,1,0,Low,2025,5
2025-05-25,5,14850.0,2430.0,1.2,0.0,0,1,1,High,2025,5
2025-05-26,3,17550.0,3750.0,1.6666666666666667,0.0,0,0,0,Low,2025,5
2025-05-27,3,16200.0,3750.0,1.3333333333333333,0.0,0,0,0,Low,2025,5
2025-05-28,3,10350.0,2550.0,1.6666666666666667,0.0,0,0,0,Low,2025,5
2025-05-29,3,13950.0,2550.0,1.6666666666666667,0.0,0,0,0,Low,2025,5
2025-05-31,3,13500.0,2250.0,2.0,0.0,0,1,0,Low,2025,5
2025-06-01,3,22500.0,3750.0,2.0,0.0,0,1,0,Low,2025,6
2025-06-02,4,15300.0,2587.5,1.25,0.0,0,0,0,Low,2025,6
2025-06-03,1,2700.0,1350.0,2.0,0.0,0,0,0,Low,2025,6
2025-06-04,1,2700.0,1350.0,2.0,0.0,0,0,0,Low,2025,6
2025-06-05,3,13950.0,2550.0,1.6666666666666667,0.0,0,0,0,Low,2025,6
2025-06-06,1,2700.0,2700.0,1.0,0.0,0,0,0,Low,2025,6
2025-06-07,4,15300.0,2587.5,1.25,0.0,0,1,0,Low,2025,6
2025-06-08,2,14850.0,4950.0,1.5,0.0,0,1,0,Low,2025,6
2025-06-09,2,4050.0,1350.0,1.5,0.0,0,0,0,Low,2025,6
2025-06-10,5,14400.0,2340.0,1.4,0.0,0,0,1,High,2025,6
2025-06-11,2,11250.0,3150.0,1.5,0.0,0,0,0,Low,2025,6
2025-06-12,4,23850.0,3150.0,1.75,0.0,0,0,0,Low,2025,6
2025-06-13,2,12600.0,3825.0,1.5,0.0,0,0,0,Low,2025,6
2025-06-14,2,2700.0,1350.0,1.0,0.0,0,1,0,Low,2025,6
2025-06-15,6,29700.0,3000.0,1.6666666666666667,0.0,0,1,1,High,2025,6
2025-06-16,5,20250.0,2790.0,1.4,0.0,0,0,1,High,2025,6
2025-06-19,1,9900.0,4950.0,2.0,0.0,0,0,0,Low,2025,6
2025-06-20,2,4050.0,2025.0,1.0,0.0,0,0,0,Low,2025,6
2025-06-21,4,18000.0,2250.0,2.0,0.0,0,1,0,Low,2025,6
2025-06-22,6,30600.0,3000.0,1.5,0.0,0,1,1,High,2025,6
2025-06-23,5,14400.0,2070.0,1.6,0.0,0,0,1,High,2025,6
2025-06-25,3,11250.0,3750.0,1.0,0.0,0,0,0,Low,2025,6
2025-06-26,4,15300.0,2250.0,1.5,0.0,0,0,0,Low,2025,6
2025-06-27,3,10350.0,2550.0,1.6666666666666667,0.0,0,0,0,Low,2025,6
2025-06-28,1,2700.0,1350.0,2.0,0.0,0,1,0,Low,2025,6
2025-06-29,8,21150.0,1968.75,1.375,0.0,0,1,1,High,2025,6
2025-06-30,4,15300.0,3150.0,1.5,0.0,0,0,0,Low,2025,6
2025-07-01,3,6750.0,1800.0,1.3333333333333333,0.0,0,0,0,Low,2025,7
2025-07-02,6,27450.0,3225.0,1.5,0.0,0,0,1,High,2025,7
2025-07-03,1,4950.0,4950.0,1.0,0.0,0,0,0,Low,2025,7
2025-07-04,4,21150.0,4050.0,1.25,0.0,0,0,0,Low,2025,7
2025-07-05,1,4950.0,4950.0,1.0,0.0,0,1,0,Low,2025,7
2025-07-06,4,6750.0,1350.0,1.25,0.0,0,1,0,Low,2025,7
2025-07-07,5,23400.0,2340.0,2.0,0.0,0,0,1,High,2025,7
2025-07-08,2,4050.0,1350.0,1.5,0.0,0,0,0,Low,2025,7
2025-07-09,5,16200.0,1620.0,2.0,0.0,0,0,1,High,2025,7
2025-07-10,2,7650.0,3825.0,1.0,0.0,0,0,0,Low,2025,7
2025-07-11,3,13050.0,3000.0,1.6666666666666667,0.0,0,0,0,Low,2025,7
2025-07-12,3,11700.0,3000.0,1.3333333333333333,0.0,0,1,0,Low,2025,7
2025-07-13,3,16200.0,3750.0,1.3333333333333333,0.0,0,1,0,Low,2025,7
2025-07-14,3,21150.0,3750.0,1.6666666666666667,0.0,0,0,0,Low,2025,7
2025-07-16,1,4950.0,4950.0,1.0,0.0,0,0,0,Low,2025,7
2025-07-17,2,9900.0,4950.0,1.0,0.0,0,0,0,Low,2025,7
2025-07-18,3,13950.0,2550.0,1.6666666666666667,0.0,0,0,0,Low,2025,7
2025-07-19,1,1350.0,1350.0,1.0,0.0,0,1,0,Low,2025,7
2025-07-20,3,5400.0,1350.0,1.3333333333333333,0.0,0,1,0,Low,2025,7
2025-07-21,3,13500.0,2250.0,2.0,0.0,0,0,0,Low,2025,7
2025-07-22,4,18000.0,2250.0,2.0,0.0,0,0,0,Low,2025,7
2025-07-23,3,10800.0,1800.0,2.0,0.0,0,0,0,Low,2025,7
2025-07-24,1,2700.0,1350.0,2.0,0.0,0,0,0,Low,2025,7
2025-07-26,3,15300.0,3000.0,1.6666666666666667,0.0,0,1,0,Low,2025,7
2025-07-27,6,27450.0,4575.0,1.0,0.0,0,1,1,High,2025,7
2025-07-28,6,34200.0,3375.0,1.6666666666666667,0.0,0,0,1,High,2025,7
2025-07-29,2,14850.0,4950.0,1.5,0.0,0,0,0,Low,2025,7
2025-07-30,2,11250.0,3150.0,1.5,0.0,0,0,0,Low,2025,7
2025-07-31,7,27000.0,2378.5714285714284,1.7142857142857142,0.0,0,0,1,High,2025,7
2025-08-01,3,9000.0,3000.0,1.0,0.0,0,0,0,Low,2025,8
2025-08-02,1,2700.0,1350.0,2.0,0.0,0,1,0,Low,2025,8
2025-08-03,1,4950.0,4950.0,1.0,0.0,0,1,0,Low,2025,8
2025-08-04,4,17550.0,3150.0,1.25,0.0,0,0,0,Low,2025,8
2025-08-05,7,34650.0,2571.4285714285716,1.8571428571428572,0.0,0,0,1,High,2025,8
2025-08-06,1,2700.0,2700.0,1.0,0.0,0,0,0,Low,2025,8
2025-08-07,3,9000.0,2550.0,1.3333333333333333,0.0,0,0,0,Low,2025,8
2025-08-08,1,5400.0,2700.0,2.0,0.0,0,0,0,Low,2025,8
2025-08-09,3,9450.0,1800.0,1.6666666666666667,0.0,0,1,0,Low,2025,8
2025-08-10,3,8100.0,1800.0,1.6666666666666667,0.0,0,1,0,Low,2025,8
2025-08-11,2,4050.0,2025.0,1.0,0.0,0,0,0,Low,2025,8
2025-08-12,5,20700.0,2070.0,2.0,0.0,0,0,1,High,2025,8
2025-08-13,6,36000.0,3000.0,2.0,0.0,0,0,1,High,2025,8
2025-08-14,5,13050.0,2340.0,1.2,0.0,0,0,1,High,2025,8
2025-08-15,4,18450.0,3262.5,1.5,0.0,0,0,0,Low,2025,8
2025-08-16,7,22050.0,2057.1428571428573,1.4285714285714286,0.0,0,1,1,High,2025,8
2025-08-17,6,27000.0,2775.0,1.6666666666666667,0.0,0,1,1,High,2025,8
2025-08-18,1,1350.0,1350.0,1.0,0.0,0,0,0,Low,2025,8
2025-08-19,3,6750.0,1800.0,1.3333333333333333,0.0,0,0,0,Low,2025,8
2025-08-20,2,7650.0,3825.0,1.0,0.0,0,0,0,Low,2025,8
2025-08-21,3,5400.0,1350.0,1.3333333333333333,0.0,0,0,0,Low,2025,8
2025-08-23,6,19350.0,3000.0,1.1666666666666667,0.0,0,1,1,High,2025,8
2025-08-24,1,2700.0,1350.0,2.0,0.0,0,1,0,Low,2025,8
2025-08-25,1,2700.0,2700.0,1.0,0.0,0,0,0,Low,2025,8
2025-08-26,7,27900.0,2892.8571428571427,1.4285714285714286,0.0,0,0,1,High,2025,8
2025-08-27,2,4050.0,1350.0,1.5,0.0,0,0,0,Low,2025,8
2025-08-28,5,9450.0,1620.0,1.2,0.0,0,0,1,High,2025,8
2025-08-29,2,4050.0,2025.0,1.0,0.0,0,0,0,Low,2025,8
2025-08-30,4,12150.0,1687.5,1.75,0.0,0,1,0,Low,2025,8
2025-08-31,2,6750.0,2025.0,1.5,0.0,0,1,0,Low,2025,8
2025-09-01,5,12150.0,1890.0,1.4,0.0,0,0,1,High,2025,9
2025-09-02,1,2700.0,1350.0,2.0,0.0,0,0,0,Low,2025,9
2025-09-03,2,6300.0,3150.0,1.0,0.0,0,0,0,Low,2025,9
2025-09-04,2,12600.0,3825.0,1.5,0.0,0,0,0,Low,2025,9
2025-09-05,3,9000.0,2550.0,1.3333333333333333,0.0,0,0,0,Low,2025,9
2025-09-06,3,12600.0,2550.0,1.3333333333333333,0.0,0,1,0,Low,2025,9
2025-09-07,5,19350.0,2610.0,1.4,0.0,0,1,1,High,2025,9
2025-09-08,4,16650.0,2250.0,1.75,0.0,0,0,0,Low,2025,9
2025-09-09,2,19800.0,4950.0,2.0,0.0,0,0,0,Low,2025,9
2025-09-10,4,10800.0,1687.5,1.75,0.0,0,0,0,Low,2025,9
2025-09-11,2,2700.0,1350.0,1.0,0.0,0,0,0,Low,2025,9
2025-09-12,3,17550.0,4200.0,1.3333333333333333,0.0,0,0,0,Low,2025,9
2025-09-13,6,23400.0,3000.0,1.5,0.0,0,1,1,High,2025,9
2025-09-14,8,31500.0,3150.0,1.25,0.0,0,1,1,High,2025,9
2025-09-15,3,10800.0,2250.0,1.6666666666666667,0.0,0,0,0,Low,2025,9
2025-09-16,2,8100.0,2025.0,2.0,0.0,0,0,0,Low,2025,9
2025-09-17,3,6750.0,1350.0,1.6666666666666667,0.0,0,0,0,Low,2025,9
2025-09-18,3,12600.0,3750.0,1.3333333333333333,0.0,0,0,0,Low,2025,9
2025-09-19,4,8100.0,1687.5,1.25,0.0,0,0,0,Low,2025,9
2025-09-20,1,5400.0,2700.0,2.0,0.0,0,1,0,Low,2025,9
2025-09-21,4,15750.0,2587.5,1.75,0.0,0,1,0,Low,2025,9
2025-09-22,2,6300.0,3150.0,1.0,0.0,0,0,0,Low,2025,9
2025-09-23,2,2700.0,1350.0,1.0,0.0,0,0,0,Low,2025,9
2025-09-24,5,20250.0,2790.0,1.4,0.0,0,0,1,High,2025,9
2025-09-25,7,26100.0,2571.4285714285716,1.7142857142857142,0.0,0,0,1,High,2025,9
2025-09-26,2,2700.0,1350.0,1.0,0.0,0,0,0,Low,2025,9
2025-09-27,4,20700.0,2925.0,1.75,0.0,0,1,0,Low,2025,9
2025-09-28,4,18000.0,2587.5,1.75,0.0,0,1,0,Low,2025,9
2025-09-29,4,19350.0,2587.5,1.75,0.0,0,0,0,Low,2025,9
2025-09-30,2,5400.0,1350.0,2.0,0.0,0,0,0,Low,2025,9
2025-10-01,5,68750.0,4290.0,3.0,0.0,1,0,1,High,2025,10
2025-10-02,5,53900.0,3190.0,3.0,0.0,1,0,1,High,2025,10
2025-10-03,5,74250.0,5170.0,2.6,0.0,1,0,1,High,2025,10
2025-10-04,5,31900.0,3520.0,1.8,0.0,1,1,1,High,2025,10
2025-10-05,5,63250.0,4070.0,2.6,0.0,1,1,1,High,2025,10
2025-10-06,4,29700.0,3850.0,2.5,0.0,1,0,0,Low,2025,10
2025-10-07,9,35200.0,2322.222222222222,1.6666666666666667,0.0,1,0,1,High,2025,10
2025-10-08,1,13200.0,3300.0,4.0,0.0,1,0,0,Low,2025,10
2025-10-09,5,30800.0,3740.0,1.4,0.0,1,0,1,High,2025,10
2025-10-10,4,23100.0,2062.5,2.5,0.0,1,0,0,Low,2025,10
2025-10-11,7,42900.0,2514.285714285714,2.142857142857143,0.0,1,1,1,High,2025,10
2025-10-12,3,24750.0,3116.6666666666665,2.3333333333333335,0.0,1,1,0,Low,2025,10
2025-10-13,4,24750.0,2475.0,2.5,0.0,1,0,0,Low,2025,10
2025-10-14,5,24750.0,1980.0,2.4,0.0,1,0,1,High,2025,10
2025-10-15,4,21450.0,2475.0,2.5,0.0,1,0,0,Low,2025,10
2025-10-16,3,23100.0,4583.333333333333,2.0,0.0,1,0,0,Low,2025,10
2025-10-17,2,30800.0,4675.0,3.0,0.0,1,0,0,Low,2025,10
2025-10-18,6,52800.0,3116.6666666666665,2.6666666666666665,0.0,1,1,1,High,2025,10
2025-10-19,6,35750.0,2933.3333333333335,2.0,0.0,1,1,1,High,2025,10
2025-10-21,5,40150.0,3740.0,2.0,0.0,1,0,1,High,2025,10
2025-10-22,6,58850.0,4125.0,2.3333333333333335,0.0,1,0,1,High,2025,10
2025-10-23,7,50600.0,2985.714285714286,2.5714285714285716,0.0,1,0,1,High,2025,10
2025-10-24,4,34650.0,3575.0,2.5,0.0,1,0,0,Low,2025,10
2025-10-25,3,40150.0,5133.333333333333,2.6666666666666665,0.0,1,1,0,Low,2025,10
2025-10-26,3,15950.0,3116.6666666666665,2.3333333333333335,0.0,1,1,0,Low,2025,10
2025-10-27,5,42350.0,3190.0,2.2,0.0,1,0,1,High,2025,10
2025-10-28,3,11550.0,2200.0,1.6666666666666667,0.0,1,0,0,Low,2025,10
2025-10-29,3,18150.0,2200.0,2.6666666666666665,0.0,1,0,0,Low,2025,10
2025-10-30,3,30800.0,4583.333333333333,2.6666666666666665,0.0,1,0,0,Low,2025,10
2025-10-31,6,36300.0,2750.0,2.1666666666666665,0.0,1,0,1,High,2025,10
2025-11-01,7,57750.0,3771.4285714285716,2.4285714285714284,0.0,1,1,1,High,2025,11
2025-11-02,2,12650.0,3850.0,2.5,0.0,1,1,0,Low,2025,11
2025-11-03,8,85800.0,3368.75,3.125,0.0,1,0,1,High,2025,11
2025-11-04,8,56650.0,2406.25,3.125,0.0,1,0,1,High,2025,11
2025-11-05,7,45650.0,2985.714285714286,2.7142857142857144,0.0,1,0,1,High,2025,11
2025-11-06,6,70400.0,5591.666666666667,2.1666666666666665,0.0,1,0,1,High,2025,11
2025-11-07,3,27500.0,5133.333333333333,1.6666666666666667,0.0,1,0,0,Low,2025,11
2025-11-08,4,28600.0,2750.0,3.0,0.0,1,1,0,Low,2025,11
2025-11-09,6,48950.0,2383.3333333333335,3.1666666666666665,0.0,1,1,1,High,2025,11
2025-11-10,7,75900.0,4635.714285714285,2.2857142857142856,0.0,1,0,1,High,2025,11
2025-11-11,6,46200.0,3208.3333333333335,2.3333333333333335,0.0,1,0,1,High,2025,11
2025-11-12,7,75350.0,4007.1428571428573,2.857142857142857,0.0,1,0,1,High,2025,11
2025-11-13,4,47300.0,3850.0,2.5,0.0,1,0,0,Low,2025,11
2025-11-14,3,14300.0,3666.6666666666665,1.6666666666666667,0.0,1,0,0,Low,2025,11
2025-11-15,4,53350.0,4950.0,2.75,0.0,1,1,0,Low,2025,11
2025-11-16,6,65450.0,4400.0,2.6666666666666665,0.0,1,1,1,High,2025,11
2025-11-17,7,110550.0,5028.571428571428,3.2857142857142856,0.0,1,0,1,High,2025,11
2025-11-18,6,53900.0,3666.6666666666665,2.5,0.0,1,0,1,High,2025,11
2025-11-19,4,44550.0,3850.0,2.75,0.0,1,0,0,Low,2025,11
2025-11-20,3,42900.0,4583.333333333333,3.3333333333333335,0.0,1,0,0,Low,2025,11
2025-11-21,3,21450.0,2200.0,3.0,0.0,1,0,0,Low,2025,11
2025-11-22,5,52800.0,3740.0,2.8,0.0,1,1,1,High,2025,11
2025-11-23,7,90750.0,4635.714285714285,2.7142857142857144,0.0,1,1,1,High,2025,11
2025-11-24,1,1650.0,1650.0,1.0,0.0,1,0,0,Low,2025,11
2025-11-25,6,48950.0,2933.3333333333335,2.5,0.0,1,0,1,High,2025,11
2025-11-26,5,22550.0,2530.0,2.2,0.0,1,0,1,High,2025,11
2025-11-27,5,39600.0,3740.0,2.4,0.0,1,0,1,High,2025,11
2025-11-28,3,32450.0,3666.6666666666665,2.6666666666666665,0.0,1,0,0,Low,2025,11
2025-11-29,7,67100.0,3771.4285714285716,2.7142857142857144,0.0,1,1,1,High,2025,11
2025-11-30,7,87450.0,4242.857142857143,3.0,0.0,1,1,1,High,2025,11
2025-12-01,1,1650.0,1650.0,1.0,0.0,1,0,0,Low,2025,12
2025-12-02,7,90200.0,4007.1428571428573,3.2857142857142856,0.0,1,0,1,High,2025,12
2025-12-03,4,21450.0,2887.5,2.0,0.0,1,0,0,Low,2025,12
2025-12-04,4,24750.0,2475.0,2.5,0.0,1,0,0,Low,2025,12
2025-12-05,4,18150.0,2062.5,2.5,0.0,1,0,0,Low,2025,12
2025-12-06,3,19800.0,3300.0,2.0,0.0,1,1,0,Low,2025,12
2025-12-07,8,84700.0,4125.0,2.625,0.0,1,1,1,High,2025,12
2025-12-08,4,26950.0,3575.0,2.0,0.0,1,0,0,Low,2025,12
2025-12-09,5,46200.0,2860.0,3.4,0.0,1,0,1,High,2025,12
2025-12-10,3,48400.0,6050.0,2.6666666666666665,0.0,1,0,0,Low,2025,12
2025-12-11,1,6600.0,1650.0,4.0,0.0,1,0,0,Low,2025,12
2025-12-12,8,85250.0,4056.25,2.625,0.0,1,0,1,High,2025,12
2025-12-13,3,15950.0,3116.6666666666665,2.3333333333333335,0.0,1,1,0,Low,2025,12
2025-12-14,6,47300.0,2933.3333333333335,2.5,0.0,1,1,1,High,2025,12
2025-12-15,5,36300.0,2530.0,2.8,0.0,1,0,1,High,2025,12
2025-12-16,9,115500.0,4094.4444444444443,3.3333333333333335,0.0,1,0,1,High,2025,12
2025-12-17,3,30800.0,4583.333333333333,2.6666666666666665,0.0,1,0,0,Low,2025,12
2025-12-18,6,35200.0,2933.3333333333335,2.1666666666666665,0.0,1,0,1,High,2025,12
2025-12-19,3,14300.0,3116.6666666666665,2.0,0.0,1,0,0,Low,2025,12
2025-12-20,7,72600.0,4007.1428571428573,2.857142857142857,0.0,1,1,1,High,2025,12
2025-12-21,8,74800.0,3918.75,2.25,0.0,1,1,1,High,2025,12
2025-12-22,5,50050.0,3740.0,3.0,0.0,1,0,1,High,2025,12
2025-12-23,3,16500.0,2200.0,2.6666666666666665,0.0,1,0,0,Low,2025,12
2025-12-24,9,70400.0,3788.8888888888887,2.4444444444444446,0.0,1,0,1,High,2025,12
2025-12-25,2,18700.0,3850.0,3.0,0.0,1,0,0,Low,2025,12
2025-12-26,4,46750.0,4675.0,2.5,0.0,1,0,0,Low,2025,12
2025-12-27,5,67650.0,4620.0,3.0,0.0,1,1,1,High,2025,12
2025-12-28,2,13200.0,2475.0,2.5,0.0,1,1,0,Low,2025,12
2025-12-29,5,33550.0,2860.0,2.4,0.0,1,0,1,High,2025,12
2025-12-30,2,7700.0,3850.0,1.0,0.0,1,0,0,Low,2025,12
2025-12-31,4,37400.0,3162.5,2.5,0.0,1,0,0,Low,2025,12
2026-02-18,7,146800.0,4957.142857142857,4.285714285714286,0.2857142857142857,1,0,1,High,2026,2
2026-02-19,7,25200.0,1800.0,2.0,0.0,1,0,1,High,2026,2
2026-02-20,4,52200.0,3350.0,4.25,0.5,1,0,0,Low,2026,2
2026-02-21,5,51900.0,2260.0,4.0,0.2,1,1,1,High,2026,2
2026-02-22,3,27500.0,3000.0,4.0,1.0,1,1,0,Low,2026,2
